Workbook

Sheet 销售计划（销售前）
A1: 项目
A2: 销售计划（销售前）
R3: 0-30天新品期 | AV3: 31-120天热销期 | EH3: 121-180天清货期
A4: SKC | B4: 上架时间 | C4: 已上架天数 | D4: 销售周期标签 | E4: 库存 | F4: 可售周期 | G4: 累计销量 | H4: 达成比例 | I4: 昨日销售达成情况 | J4: 7天销售达成情况 | K4: 30天销售达成情况 | L4: 订货数量 | M4: 昨日计划销售数量 | N4: 今日计划销售数量 | O4: 某天 | P4: 某一天应销售数量 | Q4: 距离已上架数量（）天 | R4: 1 | S4: 2 | T4: 3 | U4: 4 | V4: 5 | W4: 6 | X4: 7 | Y4: 8 | Z4: 9 | AA4: 10 | AB4: 11 | AC4: 12 | AD4: 13 | AE4: 14 | AF4: 15 | AG4: 16 | AH4: 17 | AI4: 18 | AJ4: 19 | AK4: 20 | AL4: 21 | AM4: 22 | AN4: 23 | AO4: 24 | AP4: 25 | AQ4: 26 | AR4: 27 | AS4: 28 | AT4: 29 | AU4: 30 | AV4: 31 | AW4: 32 | AX4: 33 | AY4: 34 | AZ4: 35 | BA4: 36 | BB4: 37 | BC4: 38 | BD4: 39 | BE4: 40 | BF4: 41 | BG4: 42 | BH4: 43 | BI4: 44 | BJ4: 45 | BK4: 46 | BL4: 47 | BM4: 48 | BN4: 49 | BO4: 50 | BP4: 51 | BQ4: 52 | BR4: 53 | BS4: 54 | BT4: 55 | BU4: 56 | BV4: 57 | BW4: 58 | BX4: 59 | BY4: 60 | BZ4: 61 | CA4: 62 | CB4: 63 | CC4: 64 | CD4: 65 | CE4: 66 | CF4: 67 | CG4: 68 | CH4: 69 | CI4: 70 | CJ4: 71 | CK4: 72 | CL4: 73 | CM4: 74 | CN4: 75 | CO4: 76 | CP4: 77 | CQ4: 78 | CR4: 79 | CS4: 80 | CT4: 81 | CU4: 82 | CV4: 83 | CW4: 84 | CX4: 85 | CY4: 86 | CZ4: 87 | DA4: 88 | DB4: 89 | DC4: 90 | DD4: 91 | DE4: 92 | DF4: 93 | DG4: 94 | DH4: 95 | DI4: 96 | DJ4: 97 | DK4: 98 | DL4: 99 | DM4: 100 | DN4: 101 | DO4: 102 | DP4: 103 | DQ4: 104 | DR4: 105 | DS4: 106 | DT4: 107 | DU4: 108 | DV4: 109 | DW4: 110 | DX4: 111 | DY4: 112 | DZ4: 113 | EA4: 114 | EB4: 115 | EC4: 116 | ED4: 117 | EE4: 118 | EF4: 119 | EG4: 120 | EH4: 121 | EI4: 122 | EJ4: 123 | EK4: 124 | EL4: 125 | EM4: 126 | EN4: 127 | EO4: 128 | EP4: 129 | EQ4: 130 | ER4: 131 | ES4: 132 | ET4: 133 | EU4: 134 | EV4: 135 | EW4: 136 | EX4: 137 | EY4: 138 | EZ4: 139 | FA4: 140 | FB4: 141 | FC4: 142 | FD4: 143 | FE4: 144 | FF4: 145 | FG4: 146 | FH4: 147 | FI4: 148 | FJ4: 149 | FK4: 150 | FL4: 151 | FM4: 152 | FN4: 153 | FO4: 154 | FP4: 155 | FQ4: 156 | FR4: 157 | FS4: 158 | FT4: 159 | FU4: 160 | FV4: 161 | FW4: 162 | FX4: 163 | FY4: 164 | FZ4: 165 | GA4: 166 | GB4: 167 | GC4: 168 | GD4: 169 | GE4: 170 | GF4: 171 | GG4: 172 | GH4: 173 | GI4: 174 | GJ4: 175 | GK4: 176 | GL4: 177 | GM4: 178 | GN4: 179 | GO4: 180
A5: ABCW011-1 | B5: 46062 | C5: =TODAY()-B5+1 -> 142 | D5: {=_xlfn.IFS(AND(TODAY()-B5<=30,TODAY()-B5>=0),"新品期",AND(TODAY()-B5>=31,TODAY()-B5<=120),"热销期",AND(TODAY()-B5>=121,TODAY()-B5<=180),"清货期",TODAY()-B5>180,"滞销")} -> 清货期 | H5: =G5/L5 -> 0 | J5: =SUM(INDEX(R5:GO5,C5-1):INDEX(R5:GO5,C5-7)) -> 194.44444 | L5: 5000 | M5: {=IF($C5>180,"0",INDEX($R5:$GO5,$C5-1))} -> 27.777778 | N5: {=IF($C5>180,"0",INDEX($R5:$GO5,$C5))} -> 27.777778 | O5: 46144 | P5: {=IFERROR(INDEX(R5:GO5,Q5),"/")} -> 30.555556 | Q5: =IF(O5-B5>0,O5-B5,"此时段未上架") -> 82 | R5: =$L5*80%/180 -> 22.222222 | S5: =$L5*80%/180 -> 22.222222 | T5: =$L5*80%/180 -> 22.222222 | U5: =$L5*80%/180 -> 22.222222 | V5: =$L5*80%/180 -> 22.222222 | W5: =$L5*80%/180 -> 22.222222 | X5: =$L5*80%/180 -> 22.222222 | Y5: =$L5*80%/180 -> 22.222222 | ... AU5: =$L5*80%/180 -> 22.222222 | AV5: =$L5*110%/180 -> 30.555556 | AW5: =$L5*110%/180 -> 30.555556 | AX5: =$L5*110%/180 -> 30.555556 | AY5: =$L5*110%/180 -> 30.555556 | AZ5: =$L5*110%/180 -> 30.555556 | BA5: =$L5*110%/180 -> 30.555556 | BB5: =$L5*110%/180 -> 30.555556 | BC5: =$L5*110%/180 -> 30.555556 | ... EG5: =$L5*110%/180 -> 30.555556 | EH5: =$L5*100%/180 -> 27.777778 | EI5: =$L5*100%/180 -> 27.777778 | EJ5: =$L5*100%/180 -> 27.777778 | EK5: =$L5*100%/180 -> 27.777778 | EL5: =$L5*100%/180 -> 27.777778 | EM5: =$L5*100%/180 -> 27.777778 | EN5: =$L5*100%/180 -> 27.777778 | EO5: =$L5*100%/180 -> 27.777778 | ... GO5: =$L5*100%/180 -> 27.777778
A6: ABAV085-3 | B6: 46134 | C6: =TODAY()-B6+1 -> 70 | D6: {=_xlfn.IFS(AND(TODAY()-B6<=30,TODAY()-B6>=0),"新品期",AND(TODAY()-B6>=31,TODAY()-B6<=120),"热销期",AND(TODAY()-B6>=121,TODAY()-B6<=180),"清货期",TODAY()-B6>180,"滞销")} -> 热销期 | H6: =G6/L6 -> 0 | J6: {=INDEX(R5:GO5,C5-7)} -> 27.777778 | L6: 3000 | M6: {=IF($C6>180,"0",INDEX($R6:$GO6,$C6-1))} -> 18.333333 | N6: {=IF(C6>180,"0",INDEX(R6:GO6,C6))} -> 18.333333 | O6: 46144 | P6: {=IFERROR(INDEX(R6:GO6,Q6),"/")} -> 13.333333 | Q6: =IF(O6-B6>0,O6-B6,"此时段未上架") -> 10 | R6: =$L6*80%/180 -> 13.333333 | S6: =$L6*80%/180 -> 13.333333 | T6: =$L6*80%/180 -> 13.333333 | U6: =$L6*80%/180 -> 13.333333 | V6: =$L6*80%/180 -> 13.333333 | W6: =$L6*80%/180 -> 13.333333 | X6: =$L6*80%/180 -> 13.333333 | Y6: =$L6*80%/180 -> 13.333333 | ... AU6: =$L6*80%/180 -> 13.333333 | AV6: =$L6*110%/180 -> 18.333333 | AW6: =$L6*110%/180 -> 18.333333 | AX6: =$L6*110%/180 -> 18.333333 | AY6: =$L6*110%/180 -> 18.333333 | AZ6: =$L6*110%/180 -> 18.333333 | BA6: =$L6*110%/180 -> 18.333333 | BB6: =$L6*110%/180 -> 18.333333 | BC6: =$L6*110%/180 -> 18.333333 | ... EG6: =$L6*110%/180 -> 18.333333 | EH6: =$L6*100%/180 -> 16.666667 | EI6: =$L6*100%/180 -> 16.666667 | EJ6: =$L6*100%/180 -> 16.666667 | EK6: =$L6*100%/180 -> 16.666667 | EL6: =$L6*100%/180 -> 16.666667 | EM6: =$L6*100%/180 -> 16.666667 | EN6: =$L6*100%/180 -> 16.666667 | EO6: =$L6*100%/180 -> 16.666667 | ... GO6: =$L6*100%/180 -> 16.666667
A7: ABPV009-6 | B7: 46170 | C7: =TODAY()-B7+1 -> 34 | D7: {=_xlfn.IFS(AND(TODAY()-B7<=30,TODAY()-B7>=0),"新品期",AND(TODAY()-B7>=31,TODAY()-B7<=120),"热销期",AND(TODAY()-B7>=121,TODAY()-B7<=180),"清货期",TODAY()-B7>180,"滞销")} -> 热销期 | H7: =G7/L7 -> 0 | L7: 1000 | M7: {=IF($C7>180,"0",INDEX($R7:$GO7,$C7-1))} -> 6.1111111 | N7: {=IF(C7>180,"0",INDEX(R7:GO7,C7))} -> 6.1111111 | O7: 46144 | P7: {=IFERROR(INDEX(R7:GO7,Q7),"/")} -> / | Q7: =IF(O7-B7>0,O7-B7,"此时段未上架") -> 此时段未上架 | R7: =$L7*80%/180 -> 4.4444444 | S7: =$L7*80%/180 -> 4.4444444 | T7: =$L7*80%/180 -> 4.4444444 | U7: =$L7*80%/180 -> 4.4444444 | V7: =$L7*80%/180 -> 4.4444444 | W7: =$L7*80%/180 -> 4.4444444 | X7: =$L7*80%/180 -> 4.4444444 | Y7: =$L7*80%/180 -> 4.4444444 | ... AU7: =$L7*80%/180 -> 4.4444444 | AV7: =$L7*110%/180 -> 6.1111111 | AW7: =$L7*110%/180 -> 6.1111111 | AX7: =$L7*110%/180 -> 6.1111111 | AY7: =$L7*110%/180 -> 6.1111111 | AZ7: =$L7*110%/180 -> 6.1111111 | BA7: =$L7*110%/180 -> 6.1111111 | BB7: =$L7*110%/180 -> 6.1111111 | BC7: =$L7*110%/180 -> 6.1111111 | ... EG7: =$L7*110%/180 -> 6.1111111 | EH7: =$L7*100%/180 -> 5.5555556 | EI7: =$L7*100%/180 -> 5.5555556 | EJ7: =$L7*100%/180 -> 5.5555556 | EK7: =$L7*100%/180 -> 5.5555556 | EL7: =$L7*100%/180 -> 5.5555556 | EM7: =$L7*100%/180 -> 5.5555556 | EN7: =$L7*100%/180 -> 5.5555556 | EO7: =$L7*100%/180 -> 5.5555556 | ... GO7: =$L7*100%/180 -> 5.5555556
A8: ABAV045-2 | B8: 45971 | C8: =TODAY()-B8+1 -> 233 | D8: {=_xlfn.IFS(AND(TODAY()-B8<=30,TODAY()-B8>=0),"新品期",AND(TODAY()-B8>=31,TODAY()-B8<=120),"热销期",AND(TODAY()-B8>=121,TODAY()-B8<=180),"清货期",TODAY()-B8>180,"滞销")} -> 滞销 | H8: =G8/L8 -> 0 | L8: 2000 | M8: {=IF($C8>180,"0",INDEX($R8:$GO8,$C8-1))} -> 0 | N8: {=IF(C8>180,"0",INDEX(R8:GO8,C8))} -> 0 | O8: 46144 | P8: {=IFERROR(INDEX(R8:GO8,Q8),"/")} -> 11.111111 | Q8: =IF(O8-B8>0,O8-B8,"此时段未上架") -> 173 | R8: =$L8*80%/180 -> 8.8888889 | S8: =$L8*80%/180 -> 8.8888889 | T8: =$L8*80%/180 -> 8.8888889 | U8: =$L8*80%/180 -> 8.8888889 | V8: =$L8*80%/180 -> 8.8888889 | W8: =$L8*80%/180 -> 8.8888889 | X8: =$L8*80%/180 -> 8.8888889 | Y8: =$L8*80%/180 -> 8.8888889 | ... AU8: =$L8*80%/180 -> 8.8888889 | AV8: =$L8*110%/180 -> 12.222222 | AW8: =$L8*110%/180 -> 12.222222 | AX8: =$L8*110%/180 -> 12.222222 | AY8: =$L8*110%/180 -> 12.222222 | AZ8: =$L8*110%/180 -> 12.222222 | BA8: =$L8*110%/180 -> 12.222222 | BB8: =$L8*110%/180 -> 12.222222 | BC8: =$L8*110%/180 -> 12.222222 | ... EG8: =$L8*110%/180 -> 12.222222 | EH8: =$L8*100%/180 -> 11.111111 | EI8: =$L8*100%/180 -> 11.111111 | EJ8: =$L8*100%/180 -> 11.111111 | EK8: =$L8*100%/180 -> 11.111111 | EL8: =$L8*100%/180 -> 11.111111 | EM8: =$L8*100%/180 -> 11.111111 | EN8: =$L8*100%/180 -> 11.111111 | EO8: =$L8*100%/180 -> 11.111111 | ... GO8: =$L8*100%/180 -> 11.111111
B9: 46185 | C9: =TODAY()-B9+1 -> 19 | D9: {=_xlfn.IFS(AND(TODAY()-B9<=30,TODAY()-B9>=0),"新品期",AND(TODAY()-B9>=31,TODAY()-B9<=120),"热销期",AND(TODAY()-B9>=121,TODAY()-B9<=180),"清货期",TODAY()-B9>180,"滞销")} -> 新品期 | H9: =G9/L9 -> 0 | L9: 1000 | M9: {=IF($C9>180,"0",INDEX($R9:$GO9,$C9-1))} -> 4.4444444 | N9: {=IF(C9>180,"0",INDEX(R9:GO9,C9))} -> 4.4444444 | O9: 46144 | P9: {=IFERROR(INDEX(R9:GO9,Q9),"/")} -> / | Q9: =IF(O9-B9>0,O9-B9,"此时段未上架") -> 此时段未上架 | R9: =$L9*80%/180 -> 4.4444444 | S9: =$L9*80%/180 -> 4.4444444 | T9: =$L9*80%/180 -> 4.4444444 | U9: =$L9*80%/180 -> 4.4444444 | V9: =$L9*80%/180 -> 4.4444444 | W9: =$L9*80%/180 -> 4.4444444 | X9: =$L9*80%/180 -> 4.4444444 | Y9: =$L9*80%/180 -> 4.4444444 | ... AU9: =$L9*80%/180 -> 4.4444444 | AV9: =$L9*110%/180 -> 6.1111111 | AW9: =$L9*110%/180 -> 6.1111111 | AX9: =$L9*110%/180 -> 6.1111111 | AY9: =$L9*110%/180 -> 6.1111111 | AZ9: =$L9*110%/180 -> 6.1111111 | BA9: =$L9*110%/180 -> 6.1111111 | BB9: =$L9*110%/180 -> 6.1111111 | BC9: =$L9*110%/180 -> 6.1111111 | ... EG9: =$L9*110%/180 -> 6.1111111 | EH9: =$L9*100%/180 -> 5.5555556 | EI9: =$L9*100%/180 -> 5.5555556 | EJ9: =$L9*100%/180 -> 5.5555556 | EK9: =$L9*100%/180 -> 5.5555556 | EL9: =$L9*100%/180 -> 5.5555556 | EM9: =$L9*100%/180 -> 5.5555556 | EN9: =$L9*100%/180 -> 5.5555556 | EO9: =$L9*100%/180 -> 5.5555556 | ... GO9: =$L9*100%/180 -> 5.5555556
C10: =TODAY()-B10 -> 46203 | H10: =G10/L10 -> #DIV/0! | M10: {=IF($C10>180,"0",INDEX($R10:$GO10,$C10-1))} -> 0 | N10: {=IF(C10>180,"0",INDEX(R10:GO10,C10))} -> 0 | O10: 46144 | P10: {=IFERROR(INDEX(R10:GO10,Q10),"/")} -> / | Q10: =IF(O10-B10>0,O10-B10,"此时段未上架") -> 46144 | R10: =$L10*80%/180 -> 0 | S10: =$L10*80%/180 -> 0 | T10: =$L10*80%/180 -> 0 | U10: =$L10*80%/180 -> 0 | V10: =$L10*80%/180 -> 0 | W10: =$L10*80%/180 -> 0 | X10: =$L10*80%/180 -> 0 | Y10: =$L10*80%/180 -> 0 | ... AU10: =$L10*80%/180 -> 0 | AV10: =$L10*110%/180 -> 0 | AW10: =$L10*110%/180 -> 0 | AX10: =$L10*110%/180 -> 0 | AY10: =$L10*110%/180 -> 0 | AZ10: =$L10*110%/180 -> 0 | BA10: =$L10*110%/180 -> 0 | BB10: =$L10*110%/180 -> 0 | BC10: =$L10*110%/180 -> 0 | ... EG10: =$L10*110%/180 -> 0 | EH10: =$L10*100%/180 -> 0 | EI10: =$L10*100%/180 -> 0 | EJ10: =$L10*100%/180 -> 0 | EK10: =$L10*100%/180 -> 0 | EL10: =$L10*100%/180 -> 0 | EM10: =$L10*100%/180 -> 0 | EN10: =$L10*100%/180 -> 0 | EO10: =$L10*100%/180 -> 0 | ... GO10: =$L10*100%/180 -> 0
C11: =TODAY()-B11 -> 46203 | H11: =G11/L11 -> #DIV/0! | M11: {=IF($C11>180,"0",INDEX($R11:$GO11,$C11-1))} -> 0 | N11: {=IF(C11>180,"0",INDEX(R11:GO11,C11))} -> 0 | O11: 46144 | P11: {=IFERROR(INDEX(R11:GO11,Q11),"/")} -> / | Q11: =IF(O11-B11>0,O11-B11,"此时段未上架") -> 46144 | R11: =$L11*80%/180 -> 0 | S11: =$L11*80%/180 -> 0 | T11: =$L11*80%/180 -> 0 | U11: =$L11*80%/180 -> 0 | V11: =$L11*80%/180 -> 0 | W11: =$L11*80%/180 -> 0 | X11: =$L11*80%/180 -> 0 | Y11: =$L11*80%/180 -> 0 | ... AU11: =$L11*80%/180 -> 0 | AV11: =$L11*110%/180 -> 0 | AW11: =$L11*110%/180 -> 0 | AX11: =$L11*110%/180 -> 0 | AY11: =$L11*110%/180 -> 0 | AZ11: =$L11*110%/180 -> 0 | BA11: =$L11*110%/180 -> 0 | BB11: =$L11*110%/180 -> 0 | BC11: =$L11*110%/180 -> 0 | ... EG11: =$L11*110%/180 -> 0 | EH11: =$L11*100%/180 -> 0 | EI11: =$L11*100%/180 -> 0 | EJ11: =$L11*100%/180 -> 0 | EK11: =$L11*100%/180 -> 0 | EL11: =$L11*100%/180 -> 0 | EM11: =$L11*100%/180 -> 0 | EN11: =$L11*100%/180 -> 0 | EO11: =$L11*100%/180 -> 0 | ... GO11: =$L11*100%/180 -> 0
C12: =TODAY()-B12 -> 46203 | H12: =G12/L12 -> #DIV/0! | M12: {=IF($C12>180,"0",INDEX($R12:$GO12,$C12-1))} -> 0 | N12: {=IF(C12>180,"0",INDEX(R12:GO12,C12))} -> 0 | O12: 46144 | P12: {=IFERROR(INDEX(R12:GO12,Q12),"/")} -> / | Q12: =IF(O12-B12>0,O12-B12,"此时段未上架") -> 46144 | R12: =$L12*80%/180 -> 0 | S12: =$L12*80%/180 -> 0 | T12: =$L12*80%/180 -> 0 | U12: =$L12*80%/180 -> 0 | V12: =$L12*80%/180 -> 0 | W12: =$L12*80%/180 -> 0 | X12: =$L12*80%/180 -> 0 | Y12: =$L12*80%/180 -> 0 | ... AU12: =$L12*80%/180 -> 0 | AV12: =$L12*110%/180 -> 0 | AW12: =$L12*110%/180 -> 0 | AX12: =$L12*110%/180 -> 0 | AY12: =$L12*110%/180 -> 0 | AZ12: =$L12*110%/180 -> 0 | BA12: =$L12*110%/180 -> 0 | BB12: =$L12*110%/180 -> 0 | BC12: =$L12*110%/180 -> 0 | ... EG12: =$L12*110%/180 -> 0 | EH12: =$L12*100%/180 -> 0 | EI12: =$L12*100%/180 -> 0 | EJ12: =$L12*100%/180 -> 0 | EK12: =$L12*100%/180 -> 0 | EL12: =$L12*100%/180 -> 0 | EM12: =$L12*100%/180 -> 0 | EN12: =$L12*100%/180 -> 0 | EO12: =$L12*100%/180 -> 0 | ... GO12: =$L12*100%/180 -> 0

Sheet 销售计划（销售后）
A1: 项目
A2: 销售计划（销售后）
P3: 0-30天新品期 | AT3: 31-120天热销期 | EF3: 121-180天清货期
A4: SKC | B4: 上架时间 | C4: 已上架天数 | D4: 销售周期标签 | E4: 库存 | F4: 可售周期 | G4: 累计销量 | H4: 达成比例 | I4: 昨日销售达成情况 | J4: 7天销售达成情况 | K4: 30天销售达成情况 | L4: 订货数量 | M4: 昨日实际销售 | N4: 今日计划销售数量 | P4: 1 | Q4: 2 | R4: 3 | S4: 4 | T4: 5 | U4: 6 | V4: 7 | W4: 8 | X4: 9 | Y4: 10 | Z4: 11 | AA4: 12 | AB4: 13 | AC4: 14 | AD4: 15 | AE4: 16 | AF4: 17 | AG4: 18 | AH4: 19 | AI4: 20 | AJ4: 21 | AK4: 22 | AL4: 23 | AM4: 24 | AN4: 25 | AO4: 26 | AP4: 27 | AQ4: 28 | AR4: 29 | AS4: 30 | AT4: 31 | AU4: 32 | AV4: 33 | AW4: 34 | AX4: 35 | AY4: 36 | AZ4: 37 | BA4: 38 | BB4: 39 | BC4: 40 | BD4: 41 | BE4: 42 | BF4: 43 | BG4: 44 | BH4: 45 | BI4: 46 | BJ4: 47 | BK4: 48 | BL4: 49 | BM4: 50 | BN4: 51 | BO4: 52 | BP4: 53 | BQ4: 54 | BR4: 55 | BS4: 56 | BT4: 57 | BU4: 58 | BV4: 59 | BW4: 60 | BX4: 61 | BY4: 62 | BZ4: 63 | CA4: 64 | CB4: 65 | CC4: 66 | CD4: 67 | CE4: 68 | CF4: 69 | CG4: 70 | CH4: 71 | CI4: 72 | CJ4: 73 | CK4: 74 | CL4: 75 | CM4: 76 | CN4: 77 | CO4: 78 | CP4: 79 | CQ4: 80 | CR4: 81 | CS4: 82 | CT4: 83 | CU4: 84 | CV4: 85 | CW4: 86 | CX4: 87 | CY4: 88 | CZ4: 89 | DA4: 90 | DB4: 91 | DC4: 92 | DD4: 93 | DE4: 94 | DF4: 95 | DG4: 96 | DH4: 97 | DI4: 98 | DJ4: 99 | DK4: 100 | DL4: 101 | DM4: 102 | DN4: 103 | DO4: 104 | DP4: 105 | DQ4: 106 | DR4: 107 | DS4: 108 | DT4: 109 | DU4: 110 | DV4: 111 | DW4: 112 | DX4: 113 | DY4: 114 | DZ4: 115 | EA4: 116 | EB4: 117 | EC4: 118 | ED4: 119 | EE4: 120 | EF4: 121 | EG4: 122 | EH4: 123 | EI4: 124 | EJ4: 125 | EK4: 126 | EL4: 127 | EM4: 128 | EN4: 129 | EO4: 130 | EP4: 131 | EQ4: 132 | ER4: 133 | ES4: 134 | ET4: 135 | EU4: 136 | EV4: 137 | EW4: 138 | EX4: 139 | EY4: 140 | EZ4: 141 | FA4: 142 | FB4: 143 | FC4: 144 | FD4: 145 | FE4: 146 | FF4: 147 | FG4: 148 | FH4: 149 | FI4: 150 | FJ4: 151 | FK4: 152 | FL4: 153 | FM4: 154 | FN4: 155 | FO4: 156 | FP4: 157 | FQ4: 158 | FR4: 159 | FS4: 160 | FT4: 161 | FU4: 162 | FV4: 163 | FW4: 164 | FX4: 165 | FY4: 166 | FZ4: 167 | GA4: 168 | GB4: 169 | GC4: 170 | GD4: 171 | GE4: 172 | GF4: 173 | GG4: 174 | GH4: 175 | GI4: 176 | GJ4: 177 | GK4: 178 | GL4: 179 | GM4: 180
A5: ABCW011-1 | B5: 46062 | C5: =TODAY()-B5+1 -> 142 | D5: {=_xlfn.IFS(AND(TODAY()-B5<=30,TODAY()-B5>=0),"新品期",AND(TODAY()-B5>=31,TODAY()-B5<=120),"热销期",AND(TODAY()-B5>=121,TODAY()-B5<=180),"清货期",TODAY()-B5>180,"滞销")} -> 清货期 | E5: =L5-G5 -> 3569 | G5: =SUMIF([1]销售表!I:I,A5,[1]销售表!J:J) -> 1431 | H5: =G5/L5 -> 0.2862 | J5: =SUMIFS([1]销售表!J:J,[1]销售表!I:I,A5,[1]销售表!E:E,"可取") -> 41 | L5: 5000 | M5: =_xlfn.XLOOKUP(A5,[1]销售表!I:I,[1]销售表!J:J,0,0,-1) -> 8 | N5: {=IF(C5>180,"0",INDEX(P5:GM5,C5))} -> 27.777778 | O5: 销售计划 | P5: =$L5*80%/180 -> 22.222222 | Q5: =$L5*80%/180 -> 22.222222 | R5: =$L5*80%/180 -> 22.222222 | S5: =$L5*80%/180 -> 22.222222 | T5: =$L5*80%/180 -> 22.222222 | U5: =$L5*80%/180 -> 22.222222 | V5: =$L5*80%/180 -> 22.222222 | W5: =$L5*80%/180 -> 22.222222 | ... AS5: =$L5*80%/180 -> 22.222222 | AT5: =$L5*110%/180 -> 30.555556 | AU5: =$L5*110%/180 -> 30.555556 | AV5: =$L5*110%/180 -> 30.555556 | AW5: =$L5*110%/180 -> 30.555556 | AX5: =$L5*110%/180 -> 30.555556 | AY5: =$L5*110%/180 -> 30.555556 | AZ5: =$L5*110%/180 -> 30.555556 | BA5: =$L5*110%/180 -> 30.555556 | ... EE5: =$L5*110%/180 -> 30.555556 | EF5: =$L5*100%/180 -> 27.777778 | EG5: =$L5*100%/180 -> 27.777778 | EH5: =$L5*100%/180 -> 27.777778 | EI5: =$L5*100%/180 -> 27.777778 | EJ5: =$L5*100%/180 -> 27.777778 | EK5: =$L5*100%/180 -> 27.777778 | EL5: =$L5*100%/180 -> 27.777778 | EM5: =$L5*100%/180 -> 27.777778 | ... GM5: =$L5*100%/180 -> 27.777778
A6: ABCW011-1 | B6: 46062 | C6: =TODAY()-B6+1 -> 142 | D6: {=_xlfn.IFS(AND(TODAY()-B6<=30,TODAY()-B6>=0),"新品期",AND(TODAY()-B6>=31,TODAY()-B6<=120),"热销期",AND(TODAY()-B6>=121,TODAY()-B6<=180),"清货期",TODAY()-B6>180,"滞销")} -> 清货期 | E6: =L6-G6 -> 3569 | G6: =SUMIF([1]销售表!I:I,A6,[1]销售表!J:J) -> 1431 | H6: =G6/L6 -> 0.2862 | J6: =SUMIFS([1]销售表!J:J,[1]销售表!I:I,A6,[1]销售表!E:E,"可取") -> 41 | L6: 5000 | M6: =_xlfn.XLOOKUP(A6,[1]销售表!I:I,[1]销售表!J:J,0,0,-1) -> 8 | N6: {=IF(C6>180,"0",INDEX(P6:GM6,C6))} -> 90.179487 | O6: 实际销售 | P6: =SUMIFS(销售取值基础数据!J:J,销售取值基础数据!I:I,$A6,销售取值基础数据!B:B,$P$4) -> 15 | Q6: =IF($C6>Q$4,SUMIFS(销售取值基础数据!J:J,销售取值基础数据!I:I,$A6,销售取值基础数据!B:B,Q$4),($L6-SUM($P6))*80%/(180-P$4)) -> 16 | R6: =IF($C6>R$4,SUMIFS(销售取值基础数据!$J:$J,销售取值基础数据!$I:$I,$A6,销售取值基础数据!$B:$B,R$4),($L6-SUM($P6:Q6))*80%/(180-Q$4)) -> 17 | S6: =IF($C6>S$4,SUMIFS(销售取值基础数据!$J:$J,销售取值基础数据!$I:$I,$A6,销售取值基础数据!$B:$B,S$4),($L6-SUM($P6:R6))*80%/(180-R$4)) -> 7 | T6: =IF($C6>T$4,SUMIFS(销售取值基础数据!$J:$J,销售取值基础数据!$I:$I,$A6,销售取值基础数据!$B:$B,T$4),($L6-SUM($P6:S6))*80%/(180-S$4)) -> 8 | U6: =IF($C6>U$4,SUMIFS(销售取值基础数据!$J:$J,销售取值基础数据!$I:$I,$A6,销售取值基础数据!$B:$B,U$4),($L6-SUM($P6:T6))*80%/(180-T$4)) -> 9 | V6: =IF($C6>V$4,SUMIFS(销售取值基础数据!$J:$J,销售取值基础数据!$I:$I,$A6,销售取值基础数据!$B:$B,V$4),($L6-SUM($P6:U6))*80%/(180-U$4)) -> 10 | W6: =IF($C6>W$4,SUMIFS(销售取值基础数据!$J:$J,销售取值基础数据!$I:$I,$A6,销售取值基础数据!$B:$B,W$4),($L6-SUM($P6:V6))*80%/(180-V$4)) -> 15 | X6: =IF($C6>X$4,SUMIFS(销售取值基础数据!$J:$J,销售取值基础数据!$I:$I,$A6,销售取值基础数据!$B:$B,X$4),($L6-SUM($P6:W6))*80%/(180-W$4)) -> 14 | Y6: =IF($C6>Y$4,SUMIFS(销售取值基础数据!$J:$J,销售取值基础数据!$I:$I,$A6,销售取值基础数据!$B:$B,Y$4),($L6-SUM($P6:X6))*80%/(180-X$4)) -> 13 | ... AS6: =IF($C6>AS$4,SUMIFS(销售取值基础数据!$J:$J,销售取值基础数据!$I:$I,$A6,销售取值基础数据!$B:$B,AS$4),($L6-SUM($P6:AR6))*80%/(180-AR$4)) -> 15 | AT6: =IF($C6>AT$4,SUMIFS(销售取值基础数据!$J:$J,销售取值基础数据!$I:$I,$A6,销售取值基础数据!$B:$B,AT$4),($L6-SUM($P6:AS6))*110%/(180-AS$4)) -> 14 | AU6: =IF($C6>AU$4,SUMIFS(销售取值基础数据!$J:$J,销售取值基础数据!$I:$I,$A6,销售取值基础数据!$B:$B,AU$4),($L6-SUM($P6:AT6))*110%/(180-AT$4)) -> 13 | AV6: =IF($C6>AV$4,SUMIFS(销售取值基础数据!$J:$J,销售取值基础数据!$I:$I,$A6,销售取值基础数据!$B:$B,AV$4),($L6-SUM($P6:AU6))*110%/(180-AU$4)) -> 15 | AW6: =IF($C6>AW$4,SUMIFS(销售取值基础数据!$J:$J,销售取值基础数据!$I:$I,$A6,销售取值基础数据!$B:$B,AW$4),($L6-SUM($P6:AV6))*110%/(180-AV$4)) -> 10 | AX6: =IF($C6>AX$4,SUMIFS(销售取值基础数据!$J:$J,销售取值基础数据!$I:$I,$A6,销售取值基础数据!$B:$B,AX$4),($L6-SUM($P6:AW6))*110%/(180-AW$4)) -> 11 | AY6: =IF($C6>AY$4,SUMIFS(销售取值基础数据!$J:$J,销售取值基础数据!$I:$I,$A6,销售取值基础数据!$B:$B,AY$4),($L6-SUM($P6:AX6))*110%/(180-AX$4)) -> 12 | AZ6: =IF($C6>AZ$4,SUMIFS(销售取值基础数据!$J:$J,销售取值基础数据!$I:$I,$A6,销售取值基础数据!$B:$B,AZ$4),($L6-SUM($P6:AY6))*110%/(180-AY$4)) -> 9 | BA6: =IF($C6>BA$4,SUMIFS(销售取值基础数据!$J:$J,销售取值基础数据!$I:$I,$A6,销售取值基础数据!$B:$B,BA$4),($L6-SUM($P6:AZ6))*110%/(180-AZ$4)) -> 10 | ... EE6: =IF($C6>EE$4,SUMIFS(销售取值基础数据!$J:$J,销售取值基础数据!$I:$I,$A6,销售取值基础数据!$B:$B,EE$4),($L6-SUM($P6:ED6))*110%/(180-ED$4)) -> 10 | EF6: =IF($C6>EF$4,SUMIFS(销售取值基础数据!$J:$J,销售取值基础数据!$I:$I,$A6,销售取值基础数据!$B:$B,EF$4),($L6-SUM($P6:EE6))*100%/(180-EE$4)) -> 13 | EG6: =IF($C6>EG$4,SUMIFS(销售取值基础数据!$J:$J,销售取值基础数据!$I:$I,$A6,销售取值基础数据!$B:$B,EG$4),($L6-SUM($P6:EF6))*100%/(180-EF$4)) -> 8 | EH6: =IF($C6>EH$4,SUMIFS(销售取值基础数据!$J:$J,销售取值基础数据!$I:$I,$A6,销售取值基础数据!$B:$B,EH$4),($L6-SUM($P6:EG6))*100%/(180-EG$4)) -> 9 | EI6: =IF($C6>EI$4,SUMIFS(销售取值基础数据!$J:$J,销售取值基础数据!$I:$I,$A6,销售取值基础数据!$B:$B,EI$4),($L6-SUM($P6:EH6))*100%/(180-EH$4)) -> 13 | EJ6: =IF($C6>EJ$4,SUMIFS(销售取值基础数据!$J:$J,销售取值基础数据!$I:$I,$A6,销售取值基础数据!$B:$B,EJ$4),($L6-SUM($P6:EI6))*100%/(180-EI$4)) -> 7 | EK6: =IF($C6>EK$4,SUMIFS(销售取值基础数据!$J:$J,销售取值基础数据!$I:$I,$A6,销售取值基础数据!$B:$B,EK$4),($L6-SUM($P6:EJ6))*100%/(180-EJ$4)) -> 4 | EL6: =IF($C6>EL$4,SUMIFS(销售取值基础数据!$J:$J,销售取值基础数据!$I:$I,$A6,销售取值基础数据!$B:$B,EL$4),($L6-SUM($P6:EK6))*100%/(180-EK$4)) -> 8 | EM6: =IF($C6>EM$4,SUMIFS(销售取值基础数据!$J:$J,销售取值基础数据!$I:$I,$A6,销售取值基础数据!$B:$B,EM$4),($L6-SUM($P6:EL6))*100%/(180-EL$4)) -> 20 | ... GM6: =IF($C6>GM$4,SUMIFS(销售取值基础数据!$J:$J,销售取值基础数据!$I:$I,$A6,销售取值基础数据!$B:$B,GM$4),($L6-SUM($P6:GL6))*100%/(180-GL$4)) -> 90.179487
A7: ABCW011-1 | B7: 46062 | C7: =TODAY()-B7+1 -> 142 | D7: {=_xlfn.IFS(AND(TODAY()-B7<=30,TODAY()-B7>=0),"新品期",AND(TODAY()-B7>=31,TODAY()-B7<=120),"热销期",AND(TODAY()-B7>=121,TODAY()-B7<=180),"清货期",TODAY()-B7>180,"滞销")} -> 清货期 | E7: =L7-G7 -> 3569 | G7: =SUMIF([1]销售表!I:I,A7,[1]销售表!J:J) -> 1431 | H7: =G7/L7 -> 0.2862 | J7: =SUMIFS([1]销售表!J:J,[1]销售表!I:I,A7,[1]销售表!E:E,"可取") -> 41 | L7: 5000 | M7: =_xlfn.XLOOKUP(A7,[1]销售表!I:I,[1]销售表!J:J,0,0,-1) -> 8 | N7: {=IF(C7>180,"0",INDEX(P7:GM7,C7))} -> 74.829787 | O7: 销售计划（有销售后） | P7: =$L7*80%/180 -> 22.222222 | Q7: {=_xlfn.IFS(Q$4<$C7,($L7-SUMIFS(销售取值基础数据!$J:$J,销售取值基础数据!$I:$I,$A7,销售取值基础数据!$B:$B,"<="&P$4))*80%/(180-P$4),Q$4>=$C7,($L7-SUM(辅助表!$P5:P5))*80%/(180-P$4))} -> 22.27933 | R7: {=_xlfn.IFS(R$4<$C7,($L7-SUMIFS(销售取值基础数据!$J:$J,销售取值基础数据!$I:$I,$A7,销售取值基础数据!$B:$B,"<="&Q$4))*80%/(180-Q$4),R$4>=$C7,($L7-SUM(辅助表!$P5:Q5))*80%/(180-Q$4))} -> 22.332584 | S7: {=_xlfn.IFS(S$4<$C7,($L7-SUMIFS(销售取值基础数据!$J:$J,销售取值基础数据!$I:$I,$A7,销售取值基础数据!$B:$B,"<="&R$4))*80%/(180-R$4),S$4>=$C7,($L7-SUM(辅助表!$P5:R5))*80%/(180-R$4))} -> 22.381921 | T7: {=_xlfn.IFS(T$4<$C7,($L7-SUMIFS(销售取值基础数据!$J:$J,销售取值基础数据!$I:$I,$A7,销售取值基础数据!$B:$B,"<="&S$4))*80%/(180-S$4),T$4>=$C7,($L7-SUM(辅助表!$P5:S5))*80%/(180-S$4))} -> 22.477273 | U7: {=_xlfn.IFS(U$4<$C7,($L7-SUMIFS(销售取值基础数据!$J:$J,销售取值基础数据!$I:$I,$A7,销售取值基础数据!$B:$B,"<="&T$4))*80%/(180-T$4),U$4>=$C7,($L7-SUM(辅助表!$P5:T5))*80%/(180-T$4))} -> 22.569143 | V7: {=_xlfn.IFS(V$4<$C7,($L7-SUMIFS(销售取值基础数据!$J:$J,销售取值基础数据!$I:$I,$A7,销售取值基础数据!$B:$B,"<="&U$4))*80%/(180-U$4),V$4>=$C7,($L7-SUM(辅助表!$P5:U5))*80%/(180-U$4))} -> 22.657471 | W7: {=_xlfn.IFS(W$4<$C7,($L7-SUMIFS(销售取值基础数据!$J:$J,销售取值基础数据!$I:$I,$A7,销售取值基础数据!$B:$B,"<="&V$4))*80%/(180-V$4),W$4>=$C7,($L7-SUM(辅助表!$P5:V5))*80%/(180-V$4))} -> 22.742197 | X7: {=_xlfn.IFS(X$4<$C7,($L7-SUMIFS(销售取值基础数据!$J:$J,销售取值基础数据!$I:$I,$A7,销售取值基础数据!$B:$B,"<="&W$4))*80%/(180-W$4),X$4>=$C7,($L7-SUM(辅助表!$P5:W5))*80%/(180-W$4))} -> 22.804651 | ... AS7: {=_xlfn.IFS(AS$4<$C7,($L7-SUMIFS(销售取值基础数据!$J:$J,销售取值基础数据!$I:$I,$A7,销售取值基础数据!$B:$B,"<="&AR$4))*80%/(180-AR$4),AS$4>=$C7,($L7-SUM(辅助表!$P5:AR5))*80%/(180-AR$4))} -> 24.72053 | AT7: {=_xlfn.IFS(AT$4<$C7,($L7-SUMIFS(销售取值基础数据!$J:$J,销售取值基础数据!$I:$I,$A7,销售取值基础数据!$B:$B,"<="&AS$4))*110%/(180-AS$4),AT$4>=$C7,($L7-SUM(辅助表!$P5:AS5))*110%/(180-AS$4))} -> 34.107333 | AU7: {=_xlfn.IFS(AU$4<$C7,($L7-SUMIFS(销售取值基础数据!$J:$J,销售取值基础数据!$I:$I,$A7,销售取值基础数据!$B:$B,"<="&AT$4))*110%/(180-AT$4),AU$4>=$C7,($L7-SUM(辅助表!$P5:AT5))*110%/(180-AT$4))} -> 34.232886 | AV7: {=_xlfn.IFS(AV$4<$C7,($L7-SUMIFS(销售取值基础数据!$J:$J,销售取值基础数据!$I:$I,$A7,销售取值基础数据!$B:$B,"<="&AU$4))*110%/(180-AU$4),AV$4>=$C7,($L7-SUM(辅助表!$P5:AU5))*110%/(180-AU$4))} -> 34.367568 | AW7: {=_xlfn.IFS(AW$4<$C7,($L7-SUMIFS(销售取值基础数据!$J:$J,销售取值基础数据!$I:$I,$A7,销售取值基础数据!$B:$B,"<="&AV$4))*110%/(180-AV$4),AW$4>=$C7,($L7-SUM(辅助表!$P5:AV5))*110%/(180-AV$4))} -> 34.489116 | AX7: {=_xlfn.IFS(AX$4<$C7,($L7-SUMIFS(销售取值基础数据!$J:$J,销售取值基础数据!$I:$I,$A7,销售取值基础数据!$B:$B,"<="&AW$4))*110%/(180-AW$4),AX$4>=$C7,($L7-SUM(辅助表!$P5:AW5))*110%/(180-AW$4))} -> 34.65 | AY7: {=_xlfn.IFS(AY$4<$C7,($L7-SUMIFS(销售取值基础数据!$J:$J,销售取值基础数据!$I:$I,$A7,销售取值基础数据!$B:$B,"<="&AX$4))*110%/(180-AX$4),AY$4>=$C7,($L7-SUM(辅助表!$P5:AX5))*110%/(180-AX$4))} -> 34.805517 | AZ7: {=_xlfn.IFS(AZ$4<$C7,($L7-SUMIFS(销售取值基础数据!$J:$J,销售取值基础数据!$I:$I,$A7,销售取值基础数据!$B:$B,"<="&AY$4))*110%/(180-AY$4),AZ$4>=$C7,($L7-SUM(辅助表!$P5:AY5))*110%/(180-AY$4))} -> 34.955556 | BA7: {=_xlfn.IFS(BA$4<$C7,($L7-SUMIFS(销售取值基础数据!$J:$J,销售取值基础数据!$I:$I,$A7,销售取值基础数据!$B:$B,"<="&AZ$4))*110%/(180-AZ$4),BA$4>=$C7,($L7-SUM(辅助表!$P5:AZ5))*110%/(180-AZ$4))} -> 35.130769 | ... EE7: {=_xlfn.IFS(EE$4<$C7,($L7-SUMIFS(销售取值基础数据!$J:$J,销售取值基础数据!$I:$I,$A7,销售取值基础数据!$B:$B,"<="&ED$4))*110%/(180-ED$4),EE$4>=$C7,($L7-SUM(辅助表!$P5:ED5))*110%/(180-ED$4))} -> 65.332787 | EF7: {=_xlfn.IFS(EF$4<$C7,($L7-SUMIFS(销售取值基础数据!$J:$J,销售取值基础数据!$I:$I,$A7,销售取值基础数据!$B:$B,"<="&EE$4))*100%/(180-EE$4),EF$4>=$C7,($L7-SUM(辅助表!$P5:EE5))*100%/(180-EE$4))} -> 60.216667 | EG7: {=_xlfn.IFS(EG$4<$C7,($L7-SUMIFS(销售取值基础数据!$J:$J,销售取值基础数据!$I:$I,$A7,销售取值基础数据!$B:$B,"<="&EF$4))*100%/(180-EF$4),EG$4>=$C7,($L7-SUM(辅助表!$P5:EF5))*100%/(180-EF$4))} -> 61.016949 | EH7: {=_xlfn.IFS(EH$4<$C7,($L7-SUMIFS(销售取值基础数据!$J:$J,销售取值基础数据!$I:$I,$A7,销售取值基础数据!$B:$B,"<="&EG$4))*100%/(180-EG$4),EH$4>=$C7,($L7-SUM(辅助表!$P5:EG5))*100%/(180-EG$4))} -> 61.931034 | EI7: {=_xlfn.IFS(EI$4<$C7,($L7-SUMIFS(销售取值基础数据!$J:$J,销售取值基础数据!$I:$I,$A7,销售取值基础数据!$B:$B,"<="&EH$4))*100%/(180-EH$4),EI$4>=$C7,($L7-SUM(辅助表!$P5:EH5))*100%/(180-EH$4))} -> 62.859649 | EJ7: {=_xlfn.IFS(EJ$4<$C7,($L7-SUMIFS(销售取值基础数据!$J:$J,销售取值基础数据!$I:$I,$A7,销售取值基础数据!$B:$B,"<="&EI$4))*100%/(180-EI$4),EJ$4>=$C7,($L7-SUM(辅助表!$P5:EI5))*100%/(180-EI$4))} -> 63.75 | EK7: {=_xlfn.IFS(EK$4<$C7,($L7-SUMIFS(销售取值基础数据!$J:$J,销售取值基础数据!$I:$I,$A7,销售取值基础数据!$B:$B,"<="&EJ$4))*100%/(180-EJ$4),EK$4>=$C7,($L7-SUM(辅助表!$P5:EJ5))*100%/(180-EJ$4))} -> 64.781818 | EL7: {=_xlfn.IFS(EL$4<$C7,($L7-SUMIFS(销售取值基础数据!$J:$J,销售取值基础数据!$I:$I,$A7,销售取值基础数据!$B:$B,"<="&EK$4))*100%/(180-EK$4),EL$4>=$C7,($L7-SUM(辅助表!$P5:EK5))*100%/(180-EK$4))} -> 65.907407 | EM7: {=_xlfn.IFS(EM$4<$C7,($L7-SUMIFS(销售取值基础数据!$J:$J,销售取值基础数据!$I:$I,$A7,销售取值基础数据!$B:$B,"<="&EL$4))*100%/(180-EL$4),EM$4>=$C7,($L7-SUM(辅助表!$P5:EL5))*100%/(180-EL$4))} -> 67 | ... GM7: {=_xlfn.IFS(GM$4<$C7,($L7-SUMIFS(销售取值基础数据!$J:$J,销售取值基础数据!$I:$I,$A7,销售取值基础数据!$B:$B,"<="&GL$4))*100%/(180-GL$4),GM$4>=$C7,($L7-SUM(辅助表!$P5:GL5))*100%/(180-GL$4))} -> 74.829787
A8: ABAV085-3 | B8: 46134 | C8: =TODAY()-B8+1 -> 70 | D8: {=_xlfn.IFS(AND(TODAY()-B8<=30,TODAY()-B8>=0),"新品期",AND(TODAY()-B8>=31,TODAY()-B8<=120),"热销期",AND(TODAY()-B8>=121,TODAY()-B8<=180),"清货期",TODAY()-B8>180,"滞销")} -> 热销期 | E8: =L8-G8 -> 2366 | G8: =SUMIF([1]销售表!I:I,A8,[1]销售表!J:J) -> 634 | H8: =G8/L8 -> 0.21133333 | J8: =SUMIFS([1]销售表!J:J,[1]销售表!I:I,A8,[1]销售表!E:E,"可取") -> 82 | L8: 3000 | O8: 销售计划 | P8: =$L8*80%/180 -> 13.333333 | Q8: =$L8*80%/180 -> 13.333333 | R8: =$L8*80%/180 -> 13.333333 | S8: =$L8*80%/180 -> 13.333333 | T8: =$L8*80%/180 -> 13.333333 | U8: =$L8*80%/180 -> 13.333333 | V8: =$L8*80%/180 -> 13.333333 | W8: =$L8*80%/180 -> 13.333333 | ... AS8: =$L8*80%/180 -> 13.333333 | AT8: =$L8*110%/180 -> 18.333333 | AU8: =$L8*110%/180 -> 18.333333 | AV8: =$L8*110%/180 -> 18.333333 | AW8: =$L8*110%/180 -> 18.333333 | AX8: =$L8*110%/180 -> 18.333333 | AY8: =$L8*110%/180 -> 18.333333 | AZ8: =$L8*110%/180 -> 18.333333 | BA8: =$L8*110%/180 -> 18.333333 | ... EE8: =$L8*110%/180 -> 18.333333 | EF8: =$L8*100%/180 -> 16.666667 | EG8: =$L8*100%/180 -> 16.666667 | EH8: =$L8*100%/180 -> 16.666667 | EI8: =$L8*100%/180 -> 16.666667 | EJ8: =$L8*100%/180 -> 16.666667 | EK8: =$L8*100%/180 -> 16.666667 | EL8: =$L8*100%/180 -> 16.666667 | EM8: =$L8*100%/180 -> 16.666667 | ... GM8: =$L8*100%/180 -> 16.666667
A9: ABAV085-3 | B9: 46134 | C9: =TODAY()-B9+1 -> 70 | D9: {=_xlfn.IFS(AND(TODAY()-B9<=30,TODAY()-B9>=0),"新品期",AND(TODAY()-B9>=31,TODAY()-B9<=120),"热销期",AND(TODAY()-B9>=121,TODAY()-B9<=180),"清货期",TODAY()-B9>180,"滞销")} -> 热销期 | E9: =L9-G9 -> 2366 | G9: =SUMIF([1]销售表!I:I,A9,[1]销售表!J:J) -> 634 | H9: =G9/L9 -> 0.21133333 | J9: =SUMIFS([1]销售表!J:J,[1]销售表!I:I,A9,[1]销售表!E:E,"可取") -> 61 | L9: 3000 | M9: =_xlfn.XLOOKUP(A9,[1]销售表!I:I,[1]销售表!J:J,0,0,-1) -> 15 | N9: {=IF(C9>180,"0",INDEX(P9:GM9,C9))} -> 23.446847 | O9: 实际销售 | P9: =SUMIFS(销售取值基础数据!J:J,销售取值基础数据!I:I,$A9,销售取值基础数据!B:B,$P$4) -> 10 | Q9: =IF($C9>Q$4,SUMIFS(销售取值基础数据!J:J,销售取值基础数据!I:I,$A9,销售取值基础数据!B:B,Q$4),($L9-SUM($P9))*80%/(180-P$4)) -> 15 | R9: =IF($C9>R$4,SUMIFS(销售取值基础数据!$J:$J,销售取值基础数据!$I:$I,$A9,销售取值基础数据!$B:$B,R$4),($L9-SUM($P9:Q9))*80%/(180-Q$4)) -> 10 | S9: =IF($C9>S$4,SUMIFS(销售取值基础数据!$J:$J,销售取值基础数据!$I:$I,$A9,销售取值基础数据!$B:$B,S$4),($L9-SUM($P9:R9))*80%/(180-R$4)) -> 11 | T9: =IF($C9>T$4,SUMIFS(销售取值基础数据!$J:$J,销售取值基础数据!$I:$I,$A9,销售取值基础数据!$B:$B,T$4),($L9-SUM($P9:S9))*80%/(180-S$4)) -> 12 | U9: =IF($C9>U$4,SUMIFS(销售取值基础数据!$J:$J,销售取值基础数据!$I:$I,$A9,销售取值基础数据!$B:$B,U$4),($L9-SUM($P9:T9))*80%/(180-T$4)) -> 13 | V9: =IF($C9>V$4,SUMIFS(销售取值基础数据!$J:$J,销售取值基础数据!$I:$I,$A9,销售取值基础数据!$B:$B,V$4),($L9-SUM($P9:U9))*80%/(180-U$4)) -> 7 | W9: =IF($C9>W$4,SUMIFS(销售取值基础数据!$J:$J,销售取值基础数据!$I:$I,$A9,销售取值基础数据!$B:$B,W$4),($L9-SUM($P9:V9))*80%/(180-V$4)) -> 8 | X9: =IF($C9>X$4,SUMIFS(销售取值基础数据!$J:$J,销售取值基础数据!$I:$I,$A9,销售取值基础数据!$B:$B,X$4),($L9-SUM($P9:W9))*80%/(180-W$4)) -> 9 | Y9: =IF($C9>Y$4,SUMIFS(销售取值基础数据!$J:$J,销售取值基础数据!$I:$I,$A9,销售取值基础数据!$B:$B,Y$4),($L9-SUM($P9:X9))*80%/(180-X$4)) -> 10 | ... AS9: =IF($C9>AS$4,SUMIFS(销售取值基础数据!$J:$J,销售取值基础数据!$I:$I,$A9,销售取值基础数据!$B:$B,AS$4),($L9-SUM($P9:AR9))*80%/(180-AR$4)) -> 13 | AT9: =IF($C9>AT$4,SUMIFS(销售取值基础数据!$J:$J,销售取值基础数据!$I:$I,$A9,销售取值基础数据!$B:$B,AT$4),($L9-SUM($P9:AS9))*110%/(180-AS$4)) -> 15 | AU9: =IF($C9>AU$4,SUMIFS(销售取值基础数据!$J:$J,销售取值基础数据!$I:$I,$A9,销售取值基础数据!$B:$B,AU$4),($L9-SUM($P9:AT9))*110%/(180-AT$4)) -> 10 | AV9: =IF($C9>AV$4,SUMIFS(销售取值基础数据!$J:$J,销售取值基础数据!$I:$I,$A9,销售取值基础数据!$B:$B,AV$4),($L9-SUM($P9:AU9))*110%/(180-AU$4)) -> 11 | AW9: =IF($C9>AW$4,SUMIFS(销售取值基础数据!$J:$J,销售取值基础数据!$I:$I,$A9,销售取值基础数据!$B:$B,AW$4),($L9-SUM($P9:AV9))*110%/(180-AV$4)) -> 12 | AX9: =IF($C9>AX$4,SUMIFS(销售取值基础数据!$J:$J,销售取值基础数据!$I:$I,$A9,销售取值基础数据!$B:$B,AX$4),($L9-SUM($P9:AW9))*110%/(180-AW$4)) -> 9 | AY9: =IF($C9>AY$4,SUMIFS(销售取值基础数据!$J:$J,销售取值基础数据!$I:$I,$A9,销售取值基础数据!$B:$B,AY$4),($L9-SUM($P9:AX9))*110%/(180-AX$4)) -> 10 | AZ9: =IF($C9>AZ$4,SUMIFS(销售取值基础数据!$J:$J,销售取值基础数据!$I:$I,$A9,销售取值基础数据!$B:$B,AZ$4),($L9-SUM($P9:AY9))*110%/(180-AY$4)) -> 15 | BA9: =IF($C9>BA$4,SUMIFS(销售取值基础数据!$J:$J,销售取值基础数据!$I:$I,$A9,销售取值基础数据!$B:$B,BA$4),($L9-SUM($P9:AZ9))*110%/(180-AZ$4)) -> 14 | ... EE9: =IF($C9>EE$4,SUMIFS(销售取值基础数据!$J:$J,销售取值基础数据!$I:$I,$A9,销售取值基础数据!$B:$B,EE$4),($L9-SUM($P9:ED9))*110%/(180-ED$4)) -> 22.075363 | EF9: =IF($C9>EF$4,SUMIFS(销售取值基础数据!$J:$J,销售取值基础数据!$I:$I,$A9,销售取值基础数据!$B:$B,EF$4),($L9-SUM($P9:EE9))*100%/(180-EE$4)) -> 20.035064 | EG9: =IF($C9>EG$4,SUMIFS(销售取值基础数据!$J:$J,销售取值基础数据!$I:$I,$A9,销售取值基础数据!$B:$B,EG$4),($L9-SUM($P9:EF9))*100%/(180-EF$4)) -> 20.035064 | EH9: =IF($C9>EH$4,SUMIFS(销售取值基础数据!$J:$J,销售取值基础数据!$I:$I,$A9,销售取值基础数据!$B:$B,EH$4),($L9-SUM($P9:EG9))*100%/(180-EG$4)) -> 20.035064 | EI9: =IF($C9>EI$4,SUMIFS(销售取值基础数据!$J:$J,销售取值基础数据!$I:$I,$A9,销售取值基础数据!$B:$B,EI$4),($L9-SUM($P9:EH9))*100%/(180-EH$4)) -> 20.035064 | EJ9: =IF($C9>EJ$4,SUMIFS(销售取值基础数据!$J:$J,销售取值基础数据!$I:$I,$A9,销售取值基础数据!$B:$B,EJ$4),($L9-SUM($P9:EI9))*100%/(180-EI$4)) -> 20.035064 | EK9: =IF($C9>EK$4,SUMIFS(销售取值基础数据!$J:$J,销售取值基础数据!$I:$I,$A9,销售取值基础数据!$B:$B,EK$4),($L9-SUM($P9:EJ9))*100%/(180-EJ$4)) -> 20.035064 | EL9: =IF($C9>EL$4,SUMIFS(销售取值基础数据!$J:$J,销售取值基础数据!$I:$I,$A9,销售取值基础数据!$B:$B,EL$4),($L9-SUM($P9:EK9))*100%/(180-EK$4)) -> 20.035064 | EM9: =IF($C9>EM$4,SUMIFS(销售取值基础数据!$J:$J,销售取值基础数据!$I:$I,$A9,销售取值基础数据!$B:$B,EM$4),($L9-SUM($P9:EL9))*100%/(180-EL$4)) -> 20.035064 | ... GM9: =IF($C9>GM$4,SUMIFS(销售取值基础数据!$J:$J,销售取值基础数据!$I:$I,$A9,销售取值基础数据!$B:$B,GM$4),($L9-SUM($P9:GL9))*100%/(180-GL$4)) -> 20.035064
A10: ABAV085-3 | B10: 46134 | C10: =TODAY()-B10+1 -> 70 | D10: {=_xlfn.IFS(AND(TODAY()-B10<=30,TODAY()-B10>=0),"新品期",AND(TODAY()-B10>=31,TODAY()-B10<=120),"热销期",AND(TODAY()-B10>=121,TODAY()-B10<=180),"清货期",TODAY()-B10>180,"滞销")} -> 热销期 | E10: =L10-G10 -> 2366 | G10: =SUMIF([1]销售表!I:I,A10,[1]销售表!J:J) -> 634 | H10: =G10/L10 -> 0.21133333 | J10: =SUMIFS([1]销售表!J:J,[1]销售表!I:I,A10,[1]销售表!E:E,"可取") -> 61 | L10: 3000 | O10: 销售计划（有销售后） | P10: =$L10*80%/180 -> 13.333333 | Q10: {=_xlfn.IFS(Q$4<$C10,($L10-SUMIFS(销售取值基础数据!$J:$J,销售取值基础数据!$I:$I,$A10,销售取值基础数据!$B:$B,"<="&P$4))*80%/(180-P$4),Q$4>=$C10,($L10-SUM(辅助表!$P6:P6))*80%/(180-P$4))} -> 13.363128 | R10: {=_xlfn.IFS(R$4<$C10,($L10-SUMIFS(销售取值基础数据!$J:$J,销售取值基础数据!$I:$I,$A10,销售取值基础数据!$B:$B,"<="&Q$4))*80%/(180-Q$4),R$4>=$C10,($L10-SUM(辅助表!$P6:Q6))*80%/(180-Q$4))} -> 13.370787 | S10: {=_xlfn.IFS(S$4<$C10,($L10-SUMIFS(销售取值基础数据!$J:$J,销售取值基础数据!$I:$I,$A10,销售取值基础数据!$B:$B,"<="&R$4))*80%/(180-R$4),S$4>=$C10,($L10-SUM(辅助表!$P6:R6))*80%/(180-R$4))} -> 13.40113 | T10: {=_xlfn.IFS(T$4<$C10,($L10-SUMIFS(销售取值基础数据!$J:$J,销售取值基础数据!$I:$I,$A10,销售取值基础数据!$B:$B,"<="&S$4))*80%/(180-S$4),T$4>=$C10,($L10-SUM(辅助表!$P6:S6))*80%/(180-S$4))} -> 13.427273 | U10: {=_xlfn.IFS(U$4<$C10,($L10-SUMIFS(销售取值基础数据!$J:$J,销售取值基础数据!$I:$I,$A10,销售取值基础数据!$B:$B,"<="&T$4))*80%/(180-T$4),U$4>=$C10,($L10-SUM(辅助表!$P6:T6))*80%/(180-T$4))} -> 13.449143 | V10: {=_xlfn.IFS(V$4<$C10,($L10-SUMIFS(销售取值基础数据!$J:$J,销售取值基础数据!$I:$I,$A10,销售取值基础数据!$B:$B,"<="&U$4))*80%/(180-U$4),V$4>=$C10,($L10-SUM(辅助表!$P6:U6))*80%/(180-U$4))} -> 13.466667 | W10: {=_xlfn.IFS(W$4<$C10,($L10-SUMIFS(销售取值基础数据!$J:$J,销售取值基础数据!$I:$I,$A10,销售取值基础数据!$B:$B,"<="&V$4))*80%/(180-V$4),W$4>=$C10,($L10-SUM(辅助表!$P6:V6))*80%/(180-V$4))} -> 13.512139 | X10: {=_xlfn.IFS(X$4<$C10,($L10-SUMIFS(销售取值基础数据!$J:$J,销售取值基础数据!$I:$I,$A10,销售取值基础数据!$B:$B,"<="&W$4))*80%/(180-W$4),X$4>=$C10,($L10-SUM(辅助表!$P6:W6))*80%/(180-W$4))} -> 13.553488 | ... AS10: {=_xlfn.IFS(AS$4<$C10,($L10-SUMIFS(销售取值基础数据!$J:$J,销售取值基础数据!$I:$I,$A10,销售取值基础数据!$B:$B,"<="&AR$4))*80%/(180-AR$4),AS$4>=$C10,($L10-SUM(辅助表!$P6:AR6))*80%/(180-AR$4))} -> 14.209272 | AT10: {=_xlfn.IFS(AT$4<$C10,($L10-SUMIFS(销售取值基础数据!$J:$J,销售取值基础数据!$I:$I,$A10,销售取值基础数据!$B:$B,"<="&AS$4))*110%/(180-AS$4),AT$4>=$C10,($L10-SUM(辅助表!$P6:AS6))*110%/(180-AS$4))} -> 19.572667 | AU10: {=_xlfn.IFS(AU$4<$C10,($L10-SUMIFS(销售取值基础数据!$J:$J,销售取值基础数据!$I:$I,$A10,销售取值基础数据!$B:$B,"<="&AT$4))*110%/(180-AT$4),AU$4>=$C10,($L10-SUM(辅助表!$P6:AT6))*110%/(180-AT$4))} -> 19.593289 | AV10: {=_xlfn.IFS(AV$4<$C10,($L10-SUMIFS(销售取值基础数据!$J:$J,销售取值基础数据!$I:$I,$A10,销售取值基础数据!$B:$B,"<="&AU$4))*110%/(180-AU$4),AV$4>=$C10,($L10-SUM(辅助表!$P6:AU6))*110%/(180-AU$4))} -> 19.651351 | AW10: {=_xlfn.IFS(AW$4<$C10,($L10-SUMIFS(销售取值基础数据!$J:$J,销售取值基础数据!$I:$I,$A10,销售取值基础数据!$B:$B,"<="&AV$4))*110%/(180-AV$4),AW$4>=$C10,($L10-SUM(辅助表!$P6:AV6))*110%/(180-AV$4))} -> 19.702721 | AX10: {=_xlfn.IFS(AX$4<$C10,($L10-SUMIFS(销售取值基础数据!$J:$J,销售取值基础数据!$I:$I,$A10,销售取值基础数据!$B:$B,"<="&AW$4))*110%/(180-AW$4),AX$4>=$C10,($L10-SUM(辅助表!$P6:AW6))*110%/(180-AW$4))} -> 19.74726 | AY10: {=_xlfn.IFS(AY$4<$C10,($L10-SUMIFS(销售取值基础数据!$J:$J,销售取值基础数据!$I:$I,$A10,销售取值基础数据!$B:$B,"<="&AX$4))*110%/(180-AX$4),AY$4>=$C10,($L10-SUM(辅助表!$P6:AX6))*110%/(180-AX$4))} -> 19.815172 | AZ10: {=_xlfn.IFS(AZ$4<$C10,($L10-SUMIFS(销售取值基础数据!$J:$J,销售取值基础数据!$I:$I,$A10,销售取值基础数据!$B:$B,"<="&AY$4))*110%/(180-AY$4),AZ$4>=$C10,($L10-SUM(辅助表!$P6:AY6))*110%/(180-AY$4))} -> 19.876389 | BA10: {=_xlfn.IFS(BA$4<$C10,($L10-SUMIFS(销售取值基础数据!$J:$J,销售取值基础数据!$I:$I,$A10,销售取值基础数据!$B:$B,"<="&AZ$4))*110%/(180-AZ$4),BA$4>=$C10,($L10-SUM(辅助表!$P6:AZ6))*110%/(180-AZ$4))} -> 19.9 | ... EE10: {=_xlfn.IFS(EE$4<$C10,($L10-SUMIFS(销售取值基础数据!$J:$J,销售取值基础数据!$I:$I,$A10,销售取值基础数据!$B:$B,"<="&ED$4))*110%/(180-ED$4),EE$4>=$C10,($L10-SUM(辅助表!$P6:ED6))*110%/(180-ED$4))} -> 20.447817 | EF10: {=_xlfn.IFS(EF$4<$C10,($L10-SUMIFS(销售取值基础数据!$J:$J,销售取值基础数据!$I:$I,$A10,销售取值基础数据!$B:$B,"<="&EE$4))*100%/(180-EE$4),EF$4>=$C10,($L10-SUM(辅助表!$P6:EE6))*100%/(180-EE$4))} -> 18.557943 | EG10: {=_xlfn.IFS(EG$4<$C10,($L10-SUMIFS(销售取值基础数据!$J:$J,销售取值基础数据!$I:$I,$A10,销售取值基础数据!$B:$B,"<="&EF$4))*100%/(180-EF$4),EG$4>=$C10,($L10-SUM(辅助表!$P6:EF6))*100%/(180-EF$4))} -> 18.557943 | EH10: {=_xlfn.IFS(EH$4<$C10,($L10-SUMIFS(销售取值基础数据!$J:$J,销售取值基础数据!$I:$I,$A10,销售取值基础数据!$B:$B,"<="&EG$4))*100%/(180-EG$4),EH$4>=$C10,($L10-SUM(辅助表!$P6:EG6))*100%/(180-EG$4))} -> 18.557943 | EI10: {=_xlfn.IFS(EI$4<$C10,($L10-SUMIFS(销售取值基础数据!$J:$J,销售取值基础数据!$I:$I,$A10,销售取值基础数据!$B:$B,"<="&EH$4))*100%/(180-EH$4),EI$4>=$C10,($L10-SUM(辅助表!$P6:EH6))*100%/(180-EH$4))} -> 18.557943 | EJ10: {=_xlfn.IFS(EJ$4<$C10,($L10-SUMIFS(销售取值基础数据!$J:$J,销售取值基础数据!$I:$I,$A10,销售取值基础数据!$B:$B,"<="&EI$4))*100%/(180-EI$4),EJ$4>=$C10,($L10-SUM(辅助表!$P6:EI6))*100%/(180-EI$4))} -> 18.557943 | EK10: {=_xlfn.IFS(EK$4<$C10,($L10-SUMIFS(销售取值基础数据!$J:$J,销售取值基础数据!$I:$I,$A10,销售取值基础数据!$B:$B,"<="&EJ$4))*100%/(180-EJ$4),EK$4>=$C10,($L10-SUM(辅助表!$P6:EJ6))*100%/(180-EJ$4))} -> 18.557943 | EL10: {=_xlfn.IFS(EL$4<$C10,($L10-SUMIFS(销售取值基础数据!$J:$J,销售取值基础数据!$I:$I,$A10,销售取值基础数据!$B:$B,"<="&EK$4))*100%/(180-EK$4),EL$4>=$C10,($L10-SUM(辅助表!$P6:EK6))*100%/(180-EK$4))} -> 18.557943 | EM10: {=_xlfn.IFS(EM$4<$C10,($L10-SUMIFS(销售取值基础数据!$J:$J,销售取值基础数据!$I:$I,$A10,销售取值基础数据!$B:$B,"<="&EL$4))*100%/(180-EL$4),EM$4>=$C10,($L10-SUM(辅助表!$P6:EL6))*100%/(180-EL$4))} -> 18.557943 | ... GM10: {=_xlfn.IFS(GM$4<$C10,($L10-SUMIFS(销售取值基础数据!$J:$J,销售取值基础数据!$I:$I,$A10,销售取值基础数据!$B:$B,"<="&GL$4))*100%/(180-GL$4),GM$4>=$C10,($L10-SUM(辅助表!$P6:GL6))*100%/(180-GL$4))} -> 18.557943
A11: ABPV009-6 | B11: 46170 | C11: =TODAY()-B11+1 -> 34 | D11: {=_xlfn.IFS(AND(TODAY()-B11<=30,TODAY()-B11>=0),"新品期",AND(TODAY()-B11>=31,TODAY()-B11<=120),"热销期",AND(TODAY()-B11>=121,TODAY()-B11<=180),"清货期",TODAY()-B11>180,"滞销")} -> 热销期 | E11: =L11-G11 -> 780 | G11: =SUMIF([1]销售表!I:I,A11,[1]销售表!J:J) -> 220 | H11: =G11/L11 -> 0.22 | J11: =SUMIFS([1]销售表!J:J,[1]销售表!I:I,A11,[1]销售表!E:E,"可取") -> 49 | L11: 1000 | M11: =_xlfn.XLOOKUP(A11,[1]销售表!I:I,[1]销售表!J:J,0,0,-1) -> 6 | N11: {=IF(C11>180,"0",INDEX(P11:GM11,C11))} -> 6.1111111 | O11: 销售计划 | P11: =$L11*80%/180 -> 4.4444444 | Q11: =$L11*80%/180 -> 4.4444444 | R11: =$L11*80%/180 -> 4.4444444 | S11: =$L11*80%/180 -> 4.4444444 | T11: =$L11*80%/180 -> 4.4444444 | U11: =$L11*80%/180 -> 4.4444444 | V11: =$L11*80%/180 -> 4.4444444 | W11: =$L11*80%/180 -> 4.4444444 | ... AS11: =$L11*80%/180 -> 4.4444444 | AT11: =$L11*110%/180 -> 6.1111111 | AU11: =$L11*110%/180 -> 6.1111111 | AV11: =$L11*110%/180 -> 6.1111111 | AW11: =$L11*110%/180 -> 6.1111111 | AX11: =$L11*110%/180 -> 6.1111111 | AY11: =$L11*110%/180 -> 6.1111111 | AZ11: =$L11*110%/180 -> 6.1111111 | BA11: =$L11*110%/180 -> 6.1111111 | ... EE11: =$L11*110%/180 -> 6.1111111 | EF11: =$L11*100%/180 -> 5.5555556 | EG11: =$L11*100%/180 -> 5.5555556 | EH11: =$L11*100%/180 -> 5.5555556 | EI11: =$L11*100%/180 -> 5.5555556 | EJ11: =$L11*100%/180 -> 5.5555556 | EK11: =$L11*100%/180 -> 5.5555556 | EL11: =$L11*100%/180 -> 5.5555556 | EM11: =$L11*100%/180 -> 5.5555556 | ... GM11: =$L11*100%/180 -> 5.5555556
A12: ABPV009-6 | B12: 46170 | C12: =TODAY()-B12+1 -> 34 | D12: {=_xlfn.IFS(AND(TODAY()-B12<=30,TODAY()-B12>=0),"新品期",AND(TODAY()-B12>=31,TODAY()-B12<=120),"热销期",AND(TODAY()-B12>=121,TODAY()-B12<=180),"清货期",TODAY()-B12>180,"滞销")} -> 热销期 | E12: =L12-G12 -> 780 | G12: =SUMIF([1]销售表!I:I,A12,[1]销售表!J:J) -> 220 | H12: =G12/L12 -> 0.22 | J12: =SUMIFS([1]销售表!J:J,[1]销售表!I:I,A12,[1]销售表!E:E,"可取") -> 49 | L12: 1000 | M12: =_xlfn.XLOOKUP(A12,[1]销售表!I:I,[1]销售表!J:J,0,0,-1) -> 6 | N12: {=IF(C12>180,"0",INDEX(P12:GM12,C12))} -> 6.3755102 | O12: 实际销售 | P12: =SUMIFS(销售取值基础数据!J:J,销售取值基础数据!I:I,$A12,销售取值基础数据!B:B,$P$4) -> 3 | Q12: =IF($C12>Q$4,SUMIFS(销售取值基础数据!J:J,销售取值基础数据!I:I,$A12,销售取值基础数据!B:B,Q$4),($L12-SUM($P12))*80%/(180-P$4)) -> 1 | R12: =IF($C12>R$4,SUMIFS(销售取值基础数据!$J:$J,销售取值基础数据!$I:$I,$A12,销售取值基础数据!$B:$B,R$4),($L12-SUM($P12:Q12))*80%/(180-Q$4)) -> 2 | S12: =IF($C12>S$4,SUMIFS(销售取值基础数据!$J:$J,销售取值基础数据!$I:$I,$A12,销售取值基础数据!$B:$B,S$4),($L12-SUM($P12:R12))*80%/(180-R$4)) -> 4 | T12: =IF($C12>T$4,SUMIFS(销售取值基础数据!$J:$J,销售取值基础数据!$I:$I,$A12,销售取值基础数据!$B:$B,T$4),($L12-SUM($P12:S12))*80%/(180-S$4)) -> 5 | U12: =IF($C12>U$4,SUMIFS(销售取值基础数据!$J:$J,销售取值基础数据!$I:$I,$A12,销售取值基础数据!$B:$B,U$4),($L12-SUM($P12:T12))*80%/(180-T$4)) -> 5 | V12: =IF($C12>V$4,SUMIFS(销售取值基础数据!$J:$J,销售取值基础数据!$I:$I,$A12,销售取值基础数据!$B:$B,V$4),($L12-SUM($P12:U12))*80%/(180-U$4)) -> 8 | W12: =IF($C12>W$4,SUMIFS(销售取值基础数据!$J:$J,销售取值基础数据!$I:$I,$A12,销售取值基础数据!$B:$B,W$4),($L12-SUM($P12:V12))*80%/(180-V$4)) -> 3 | X12: =IF($C12>X$4,SUMIFS(销售取值基础数据!$J:$J,销售取值基础数据!$I:$I,$A12,销售取值基础数据!$B:$B,X$4),($L12-SUM($P12:W12))*80%/(180-W$4)) -> 5 | Y12: =IF($C12>Y$4,SUMIFS(销售取值基础数据!$J:$J,销售取值基础数据!$I:$I,$A12,销售取值基础数据!$B:$B,Y$4),($L12-SUM($P12:X12))*80%/(180-X$4)) -> 9 | ... AS12: =IF($C12>AS$4,SUMIFS(销售取值基础数据!$J:$J,销售取值基础数据!$I:$I,$A12,销售取值基础数据!$B:$B,AS$4),($L12-SUM($P12:AR12))*80%/(180-AR$4)) -> 0 | AT12: =IF($C12>AT$4,SUMIFS(销售取值基础数据!$J:$J,销售取值基础数据!$I:$I,$A12,销售取值基础数据!$B:$B,AT$4),($L12-SUM($P12:AS12))*110%/(180-AS$4)) -> 0 | AU12: =IF($C12>AU$4,SUMIFS(销售取值基础数据!$J:$J,销售取值基础数据!$I:$I,$A12,销售取值基础数据!$B:$B,AU$4),($L12-SUM($P12:AT12))*110%/(180-AT$4)) -> 0 | AV12: =IF($C12>AV$4,SUMIFS(销售取值基础数据!$J:$J,销售取值基础数据!$I:$I,$A12,销售取值基础数据!$B:$B,AV$4),($L12-SUM($P12:AU12))*110%/(180-AU$4)) -> 0 | AW12: =IF($C12>AW$4,SUMIFS(销售取值基础数据!$J:$J,销售取值基础数据!$I:$I,$A12,销售取值基础数据!$B:$B,AW$4),($L12-SUM($P12:AV12))*110%/(180-AV$4)) -> 6.3755102 | AX12: =IF($C12>AX$4,SUMIFS(销售取值基础数据!$J:$J,销售取值基础数据!$I:$I,$A12,销售取值基础数据!$B:$B,AX$4),($L12-SUM($P12:AW12))*110%/(180-AW$4)) -> 6.3711434 | AY12: =IF($C12>AY$4,SUMIFS(销售取值基础数据!$J:$J,销售取值基础数据!$I:$I,$A12,销售取值基础数据!$B:$B,AY$4),($L12-SUM($P12:AX12))*110%/(180-AX$4)) -> 6.3667495 | AZ12: =IF($C12>AZ$4,SUMIFS(销售取值基础数据!$J:$J,销售取值基础数据!$I:$I,$A12,销售取值基础数据!$B:$B,AZ$4),($L12-SUM($P12:AY12))*110%/(180-AY$4)) -> 6.3623282 | BA12: =IF($C12>BA$4,SUMIFS(销售取值基础数据!$J:$J,销售取值基础数据!$I:$I,$A12,销售取值基础数据!$B:$B,BA$4),($L12-SUM($P12:AZ12))*110%/(180-AZ$4)) -> 6.357879 | ... EE12: =IF($C12>EE$4,SUMIFS(销售取值基础数据!$J:$J,销售取值基础数据!$I:$I,$A12,销售取值基础数据!$B:$B,EE$4),($L12-SUM($P12:ED12))*110%/(180-ED$4)) -> 5.8356071 | EF12: =IF($C12>EF$4,SUMIFS(销售取值基础数据!$J:$J,销售取值基础数据!$I:$I,$A12,销售取值基础数据!$B:$B,EF$4),($L12-SUM($P12:EE12))*100%/(180-EE$4)) -> 5.2962555 | EG12: =IF($C12>EG$4,SUMIFS(销售取值基础数据!$J:$J,销售取值基础数据!$I:$I,$A12,销售取值基础数据!$B:$B,EG$4),($L12-SUM($P12:EF12))*100%/(180-EF$4)) -> 5.2962555 | EH12: =IF($C12>EH$4,SUMIFS(销售取值基础数据!$J:$J,销售取值基础数据!$I:$I,$A12,销售取值基础数据!$B:$B,EH$4),($L12-SUM($P12:EG12))*100%/(180-EG$4)) -> 5.2962555 | EI12: =IF($C12>EI$4,SUMIFS(销售取值基础数据!$J:$J,销售取值基础数据!$I:$I,$A12,销售取值基础数据!$B:$B,EI$4),($L12-SUM($P12:EH12))*100%/(180-EH$4)) -> 5.2962555 | EJ12: =IF($C12>EJ$4,SUMIFS(销售取值基础数据!$J:$J,销售取值基础数据!$I:$I,$A12,销售取值基础数据!$B:$B,EJ$4),($L12-SUM($P12:EI12))*100%/(180-EI$4)) -> 5.2962555 | EK12: =IF($C12>EK$4,SUMIFS(销售取值基础数据!$J:$J,销售取值基础数据!$I:$I,$A12,销售取值基础数据!$B:$B,EK$4),($L12-SUM($P12:EJ12))*100%/(180-EJ$4)) -> 5.2962555 | EL12: =IF($C12>EL$4,SUMIFS(销售取值基础数据!$J:$J,销售取值基础数据!$I:$I,$A12,销售取值基础数据!$B:$B,EL$4),($L12-SUM($P12:EK12))*100%/(180-EK$4)) -> 5.2962555 | EM12: =IF($C12>EM$4,SUMIFS(销售取值基础数据!$J:$J,销售取值基础数据!$I:$I,$A12,销售取值基础数据!$B:$B,EM$4),($L12-SUM($P12:EL12))*100%/(180-EL$4)) -> 5.2962555 | ... GM12: =IF($C12>GM$4,SUMIFS(销售取值基础数据!$J:$J,销售取值基础数据!$I:$I,$A12,销售取值基础数据!$B:$B,GM$4),($L12-SUM($P12:GL12))*100%/(180-GL$4)) -> 5.2962555
A13: ABPV009-6 | B13: 46170 | C13: =TODAY()-B13+1 -> 34 | D13: {=_xlfn.IFS(AND(TODAY()-B13<=30,TODAY()-B13>=0),"新品期",AND(TODAY()-B13>=31,TODAY()-B13<=120),"热销期",AND(TODAY()-B13>=121,TODAY()-B13<=180),"清货期",TODAY()-B13>180,"滞销")} -> 热销期 | E13: =L13-G13 -> 780 | G13: =SUMIF([1]销售表!I:I,A13,[1]销售表!J:J) -> 220 | H13: =G13/L13 -> 0.22 | J13: =SUMIFS([1]销售表!J:J,[1]销售表!I:I,A13,[1]销售表!E:E,"可取") -> 49 | L13: 1000 | M13: =_xlfn.XLOOKUP(A13,[1]销售表!I:I,[1]销售表!J:J,0,0,-1) -> 6 | N13: {=IF(C13>180,"0",INDEX(P13:GM13,C13))} -> 6.07401 | O13: 销售计划（有销售后） | P13: =$L13*80%/180 -> 4.4444444 | Q13: {=_xlfn.IFS(Q$4<$C13,($L13-SUMIFS(销售取值基础数据!$J:$J,销售取值基础数据!$I:$I,$A13,销售取值基础数据!$B:$B,"<="&P$4))*80%/(180-P$4),Q$4>=$C13,($L13-SUM(辅助表!$P7:P7))*80%/(180-P$4))} -> 4.4558659 | R13: {=_xlfn.IFS(R$4<$C13,($L13-SUMIFS(销售取值基础数据!$J:$J,销售取值基础数据!$I:$I,$A13,销售取值基础数据!$B:$B,"<="&Q$4))*80%/(180-Q$4),R$4>=$C13,($L13-SUM(辅助表!$P7:Q7))*80%/(180-Q$4))} -> 4.4764045 | S13: {=_xlfn.IFS(S$4<$C13,($L13-SUMIFS(销售取值基础数据!$J:$J,销售取值基础数据!$I:$I,$A13,销售取值基础数据!$B:$B,"<="&R$4))*80%/(180-R$4),S$4>=$C13,($L13-SUM(辅助表!$P7:R7))*80%/(180-R$4))} -> 4.4926554 | T13: {=_xlfn.IFS(T$4<$C13,($L13-SUMIFS(销售取值基础数据!$J:$J,销售取值基础数据!$I:$I,$A13,销售取值基础数据!$B:$B,"<="&S$4))*80%/(180-S$4),T$4>=$C13,($L13-SUM(辅助表!$P7:S7))*80%/(180-S$4))} -> 4.5 | U13: {=_xlfn.IFS(U$4<$C13,($L13-SUMIFS(销售取值基础数据!$J:$J,销售取值基础数据!$I:$I,$A13,销售取值基础数据!$B:$B,"<="&T$4))*80%/(180-T$4),U$4>=$C13,($L13-SUM(辅助表!$P7:T7))*80%/(180-T$4))} -> 4.5028571 | V13: {=_xlfn.IFS(V$4<$C13,($L13-SUMIFS(销售取值基础数据!$J:$J,销售取值基础数据!$I:$I,$A13,销售取值基础数据!$B:$B,"<="&U$4))*80%/(180-U$4),V$4>=$C13,($L13-SUM(辅助表!$P7:U7))*80%/(180-U$4))} -> 4.5057471 | W13: {=_xlfn.IFS(W$4<$C13,($L13-SUMIFS(销售取值基础数据!$J:$J,销售取值基础数据!$I:$I,$A13,销售取值基础数据!$B:$B,"<="&V$4))*80%/(180-V$4),W$4>=$C13,($L13-SUM(辅助表!$P7:V7))*80%/(180-V$4))} -> 4.4947977 | X13: {=_xlfn.IFS(X$4<$C13,($L13-SUMIFS(销售取值基础数据!$J:$J,销售取值基础数据!$I:$I,$A13,销售取值基础数据!$B:$B,"<="&W$4))*80%/(180-W$4),X$4>=$C13,($L13-SUM(辅助表!$P7:W7))*80%/(180-W$4))} -> 4.5069767 | ... AS13: {=_xlfn.IFS(AS$4<$C13,($L13-SUMIFS(销售取值基础数据!$J:$J,销售取值基础数据!$I:$I,$A13,销售取值基础数据!$B:$B,"<="&AR$4))*80%/(180-AR$4),AS$4>=$C13,($L13-SUM(辅助表!$P7:AR7))*80%/(180-AR$4))} -> 4.5139073 | AT13: {=_xlfn.IFS(AT$4<$C13,($L13-SUMIFS(销售取值基础数据!$J:$J,销售取值基础数据!$I:$I,$A13,销售取值基础数据!$B:$B,"<="&AS$4))*110%/(180-AS$4),AT$4>=$C13,($L13-SUM(辅助表!$P7:AS7))*110%/(180-AS$4))} -> 6.248 | AU13: {=_xlfn.IFS(AU$4<$C13,($L13-SUMIFS(销售取值基础数据!$J:$J,销售取值基础数据!$I:$I,$A13,销售取值基础数据!$B:$B,"<="&AT$4))*110%/(180-AT$4),AU$4>=$C13,($L13-SUM(辅助表!$P7:AT7))*110%/(180-AT$4))} -> 6.2899329 | AV13: {=_xlfn.IFS(AV$4<$C13,($L13-SUMIFS(销售取值基础数据!$J:$J,销售取值基础数据!$I:$I,$A13,销售取值基础数据!$B:$B,"<="&AU$4))*110%/(180-AU$4),AV$4>=$C13,($L13-SUM(辅助表!$P7:AU7))*110%/(180-AU$4))} -> 6.3324324 | AW13: {=_xlfn.IFS(AW$4<$C13,($L13-SUMIFS(销售取值基础数据!$J:$J,销售取值基础数据!$I:$I,$A13,销售取值基础数据!$B:$B,"<="&AV$4))*110%/(180-AV$4),AW$4>=$C13,($L13-SUM(辅助表!$P7:AV7))*110%/(180-AV$4))} -> 6.07401 | AX13: {=_xlfn.IFS(AX$4<$C13,($L13-SUMIFS(销售取值基础数据!$J:$J,销售取值基础数据!$I:$I,$A13,销售取值基础数据!$B:$B,"<="&AW$4))*110%/(180-AW$4),AX$4>=$C13,($L13-SUM(辅助表!$P7:AW7))*110%/(180-AW$4))} -> 6.0698497 | AY13: {=_xlfn.IFS(AY$4<$C13,($L13-SUMIFS(销售取值基础数据!$J:$J,销售取值基础数据!$I:$I,$A13,销售取值基础数据!$B:$B,"<="&AX$4))*110%/(180-AX$4),AY$4>=$C13,($L13-SUM(辅助表!$P7:AX7))*110%/(180-AX$4))} -> 6.0656636 | AZ13: {=_xlfn.IFS(AZ$4<$C13,($L13-SUMIFS(销售取值基础数据!$J:$J,销售取值基础数据!$I:$I,$A13,销售取值基础数据!$B:$B,"<="&AY$4))*110%/(180-AY$4),AZ$4>=$C13,($L13-SUM(辅助表!$P7:AY7))*110%/(180-AY$4))} -> 6.0614513 | BA13: {=_xlfn.IFS(BA$4<$C13,($L13-SUMIFS(销售取值基础数据!$J:$J,销售取值基础数据!$I:$I,$A13,销售取值基础数据!$B:$B,"<="&AZ$4))*110%/(180-AZ$4),BA$4>=$C13,($L13-SUM(辅助表!$P7:AZ7))*110%/(180-AZ$4))} -> 6.0572125 | ... EE13: {=_xlfn.IFS(EE$4<$C13,($L13-SUMIFS(销售取值基础数据!$J:$J,销售取值基础数据!$I:$I,$A13,销售取值基础数据!$B:$B,"<="&ED$4))*110%/(180-ED$4),EE$4>=$C13,($L13-SUM(辅助表!$P7:ED7))*110%/(180-ED$4))} -> 5.5596391 | EF13: {=_xlfn.IFS(EF$4<$C13,($L13-SUMIFS(销售取值基础数据!$J:$J,销售取值基础数据!$I:$I,$A13,销售取值基础数据!$B:$B,"<="&EE$4))*100%/(180-EE$4),EF$4>=$C13,($L13-SUM(辅助表!$P7:EE7))*100%/(180-EE$4))} -> 5.0457937 | EG13: {=_xlfn.IFS(EG$4<$C13,($L13-SUMIFS(销售取值基础数据!$J:$J,销售取值基础数据!$I:$I,$A13,销售取值基础数据!$B:$B,"<="&EF$4))*100%/(180-EF$4),EG$4>=$C13,($L13-SUM(辅助表!$P7:EF7))*100%/(180-EF$4))} -> 5.0457937 | EH13: {=_xlfn.IFS(EH$4<$C13,($L13-SUMIFS(销售取值基础数据!$J:$J,销售取值基础数据!$I:$I,$A13,销售取值基础数据!$B:$B,"<="&EG$4))*100%/(180-EG$4),EH$4>=$C13,($L13-SUM(辅助表!$P7:EG7))*100%/(180-EG$4))} -> 5.0457937 | EI13: {=_xlfn.IFS(EI$4<$C13,($L13-SUMIFS(销售取值基础数据!$J:$J,销售取值基础数据!$I:$I,$A13,销售取值基础数据!$B:$B,"<="&EH$4))*100%/(180-EH$4),EI$4>=$C13,($L13-SUM(辅助表!$P7:EH7))*100%/(180-EH$4))} -> 5.0457937 | EJ13: {=_xlfn.IFS(EJ$4<$C13,($L13-SUMIFS(销售取值基础数据!$J:$J,销售取值基础数据!$I:$I,$A13,销售取值基础数据!$B:$B,"<="&EI$4))*100%/(180-EI$4),EJ$4>=$C13,($L13-SUM(辅助表!$P7:EI7))*100%/(180-EI$4))} -> 5.0457937 | EK13: {=_xlfn.IFS(EK$4<$C13,($L13-SUMIFS(销售取值基础数据!$J:$J,销售取值基础数据!$I:$I,$A13,销售取值基础数据!$B:$B,"<="&EJ$4))*100%/(180-EJ$4),EK$4>=$C13,($L13-SUM(辅助表!$P7:EJ7))*100%/(180-EJ$4))} -> 5.0457937 | EL13: {=_xlfn.IFS(EL$4<$C13,($L13-SUMIFS(销售取值基础数据!$J:$J,销售取值基础数据!$I:$I,$A13,销售取值基础数据!$B:$B,"<="&EK$4))*100%/(180-EK$4),EL$4>=$C13,($L13-SUM(辅助表!$P7:EK7))*100%/(180-EK$4))} -> 5.0457937 | EM13: {=_xlfn.IFS(EM$4<$C13,($L13-SUMIFS(销售取值基础数据!$J:$J,销售取值基础数据!$I:$I,$A13,销售取值基础数据!$B:$B,"<="&EL$4))*100%/(180-EL$4),EM$4>=$C13,($L13-SUM(辅助表!$P7:EL7))*100%/(180-EL$4))} -> 5.0457937 | ... GM13: {=_xlfn.IFS(GM$4<$C13,($L13-SUMIFS(销售取值基础数据!$J:$J,销售取值基础数据!$I:$I,$A13,销售取值基础数据!$B:$B,"<="&GL$4))*100%/(180-GL$4),GM$4>=$C13,($L13-SUM(辅助表!$P7:GL7))*100%/(180-GL$4))} -> 5.0457937
A14: ABAV045-2 | B14: 45971 | C14: =TODAY()-B14+1 -> 233 | D14: {=_xlfn.IFS(AND(TODAY()-B14<=30,TODAY()-B14>=0),"新品期",AND(TODAY()-B14>=31,TODAY()-B14<=120),"热销期",AND(TODAY()-B14>=121,TODAY()-B14<=180),"清货期",TODAY()-B14>180,"滞销")} -> 滞销 | E14: =L14-G14 -> 2000 | G14: =SUMIF([1]销售表!I:I,A14,[1]销售表!J:J) -> 0 | H14: =G14/L14 -> 0 | J14: =SUMIFS([1]销售表!J:J,[1]销售表!I:I,A14,[1]销售表!E:E,"可取") -> 0 | L14: 2000 | M14: =_xlfn.XLOOKUP(A14,[1]销售表!I:I,[1]销售表!J:J,0,0,-1) -> 0 | N14: {=IF(C14>180,"0",INDEX(P14:GM14,C14))} -> 0 | P14: =SUMIFS([1]销售表!J:J,[1]销售表!I:I,A14,[1]销售表!B:B,$P$4) -> 0 | Q14: =IF($C14>Q$4,SUMIFS([1]销售表!$J:$J,[1]销售表!$I:$I,$A14,[1]销售表!$B:$B,Q$4),($L14-SUM($P14))*80%/(180-P$4)) -> #VALUE! | R14: =IF($C14>R$4,SUMIFS([1]销售表!$J:$J,[1]销售表!$I:$I,$A14,[1]销售表!$B:$B,R$4),($L14-SUM($P14:Q14))*80%/(180-Q$4)) -> #VALUE! | S14: =IF($C14>S$4,SUMIFS([1]销售表!$J:$J,[1]销售表!$I:$I,$A14,[1]销售表!$B:$B,S$4),($L14-SUM($P14:R14))*80%/(180-R$4)) -> #VALUE! | T14: =IF($C14>T$4,SUMIFS([1]销售表!$J:$J,[1]销售表!$I:$I,$A14,[1]销售表!$B:$B,T$4),($L14-SUM($P14:S14))*80%/(180-S$4)) -> #VALUE! | U14: =IF($C14>U$4,SUMIFS([1]销售表!$J:$J,[1]销售表!$I:$I,$A14,[1]销售表!$B:$B,U$4),($L14-SUM($P14:T14))*80%/(180-T$4)) -> #VALUE! | V14: =IF($C14>V$4,SUMIFS([1]销售表!$J:$J,[1]销售表!$I:$I,$A14,[1]销售表!$B:$B,V$4),($L14-SUM($P14:U14))*80%/(180-U$4)) -> #VALUE! | W14: =IF($C14>W$4,SUMIFS([1]销售表!$J:$J,[1]销售表!$I:$I,$A14,[1]销售表!$B:$B,W$4),($L14-SUM($P14:V14))*80%/(180-V$4)) -> #VALUE! | X14: =IF($C14>X$4,SUMIFS([1]销售表!$J:$J,[1]销售表!$I:$I,$A14,[1]销售表!$B:$B,X$4),($L14-SUM($P14:W14))*80%/(180-W$4)) -> #VALUE! | Y14: =IF($C14>Y$4,SUMIFS([1]销售表!$J:$J,[1]销售表!$I:$I,$A14,[1]销售表!$B:$B,Y$4),($L14-SUM($P14:X14))*80%/(180-X$4)) -> #VALUE! | ... AS14: =IF($C14>AS$4,SUMIFS([1]销售表!$J:$J,[1]销售表!$I:$I,$A14,[1]销售表!$B:$B,AS$4),($L14-SUM($P14:AR14))*80%/(180-AR$4)) -> #VALUE! | AT14: =IF($C14>AT$4,SUMIFS([1]销售表!$J:$J,[1]销售表!$I:$I,$A14,[1]销售表!$B:$B,AT$4),($L14-SUM($P14:AS14))*110%/(180-AS$4)) -> #VALUE! | AU14: =IF($C14>AU$4,SUMIFS([1]销售表!$J:$J,[1]销售表!$I:$I,$A14,[1]销售表!$B:$B,AU$4),($L14-SUM($P14:AT14))*110%/(180-AT$4)) -> #VALUE! | AV14: =IF($C14>AV$4,SUMIFS([1]销售表!$J:$J,[1]销售表!$I:$I,$A14,[1]销售表!$B:$B,AV$4),($L14-SUM($P14:AU14))*110%/(180-AU$4)) -> #VALUE! | AW14: =IF($C14>AW$4,SUMIFS([1]销售表!$J:$J,[1]销售表!$I:$I,$A14,[1]销售表!$B:$B,AW$4),($L14-SUM($P14:AV14))*110%/(180-AV$4)) -> #VALUE! | AX14: =IF($C14>AX$4,SUMIFS([1]销售表!$J:$J,[1]销售表!$I:$I,$A14,[1]销售表!$B:$B,AX$4),($L14-SUM($P14:AW14))*110%/(180-AW$4)) -> #VALUE! | AY14: =IF($C14>AY$4,SUMIFS([1]销售表!$J:$J,[1]销售表!$I:$I,$A14,[1]销售表!$B:$B,AY$4),($L14-SUM($P14:AX14))*110%/(180-AX$4)) -> #VALUE! | AZ14: =IF($C14>AZ$4,SUMIFS([1]销售表!$J:$J,[1]销售表!$I:$I,$A14,[1]销售表!$B:$B,AZ$4),($L14-SUM($P14:AY14))*110%/(180-AY$4)) -> #VALUE! | BA14: =IF($C14>BA$4,SUMIFS([1]销售表!$J:$J,[1]销售表!$I:$I,$A14,[1]销售表!$B:$B,BA$4),($L14-SUM($P14:AZ14))*110%/(180-AZ$4)) -> #VALUE! | ... EE14: =IF($C14>EE$4,SUMIFS([1]销售表!$J:$J,[1]销售表!$I:$I,$A14,[1]销售表!$B:$B,EE$4),($L14-SUM($P14:ED14))*110%/(180-ED$4)) -> #VALUE! | EF14: =IF($C14>EF$4,SUMIFS([1]销售表!$J:$J,[1]销售表!$I:$I,$A14,[1]销售表!$B:$B,EF$4),($L14-SUM($P14:EE14))*100%/(180-EE$4)) -> #VALUE! | EG14: =IF($C14>EG$4,SUMIFS([1]销售表!$J:$J,[1]销售表!$I:$I,$A14,[1]销售表!$B:$B,EG$4),($L14-SUM($P14:EF14))*100%/(180-EF$4)) -> #VALUE! | EH14: =IF($C14>EH$4,SUMIFS([1]销售表!$J:$J,[1]销售表!$I:$I,$A14,[1]销售表!$B:$B,EH$4),($L14-SUM($P14:EG14))*100%/(180-EG$4)) -> #VALUE! | EI14: =IF($C14>EI$4,SUMIFS([1]销售表!$J:$J,[1]销售表!$I:$I,$A14,[1]销售表!$B:$B,EI$4),($L14-SUM($P14:EH14))*100%/(180-EH$4)) -> #VALUE! | EJ14: =IF($C14>EJ$4,SUMIFS([1]销售表!$J:$J,[1]销售表!$I:$I,$A14,[1]销售表!$B:$B,EJ$4),($L14-SUM($P14:EI14))*100%/(180-EI$4)) -> #VALUE! | EK14: =IF($C14>EK$4,SUMIFS([1]销售表!$J:$J,[1]销售表!$I:$I,$A14,[1]销售表!$B:$B,EK$4),($L14-SUM($P14:EJ14))*100%/(180-EJ$4)) -> #VALUE! | EL14: =IF($C14>EL$4,SUMIFS([1]销售表!$J:$J,[1]销售表!$I:$I,$A14,[1]销售表!$B:$B,EL$4),($L14-SUM($P14:EK14))*100%/(180-EK$4)) -> #VALUE! | EM14: =IF($C14>EM$4,SUMIFS([1]销售表!$J:$J,[1]销售表!$I:$I,$A14,[1]销售表!$B:$B,EM$4),($L14-SUM($P14:EL14))*100%/(180-EL$4)) -> #VALUE! | ... GM14: =IF($C14>GM$4,SUMIFS([1]销售表!$J:$J,[1]销售表!$I:$I,$A14,[1]销售表!$B:$B,GM$4),($L14-SUM($P14:GL14))*100%/(180-GL$4)) -> #VALUE!
C15: =TODAY()-B15+1 -> 46204 | D15: {=_xlfn.IFS(AND(TODAY()-B15<=30,TODAY()-B15>=0),"新品期",AND(TODAY()-B15>=31,TODAY()-B15<=120),"热销期",AND(TODAY()-B15>=121,TODAY()-B15<=180),"清货期",TODAY()-B15>180,"滞销")} -> 滞销 | E15: =L15-G15 -> 1000 | G15: =SUMIF([1]销售表!I:I,A15,[1]销售表!J:J) -> 0 | H15: =G15/L15 -> 0 | J15: =SUMIFS([1]销售表!J:J,[1]销售表!I:I,A15,[1]销售表!E:E,"可取") -> 0 | L15: 1000 | M15: =_xlfn.XLOOKUP(A15,[1]销售表!I:I,[1]销售表!J:J,0,0,-1) -> 0 | N15: {=IF(C15>180,"0",INDEX(P15:GM15,C15))} -> 0 | P15: =SUMIFS([1]销售表!J:J,[1]销售表!I:I,A15,[1]销售表!B:B,$P$4) -> 0 | Q15: =IF($C15>Q$4,SUMIFS([1]销售表!$J:$J,[1]销售表!$I:$I,$A15,[1]销售表!$B:$B,Q$4),($L15-SUM($P15))*80%/(180-P$4)) -> #VALUE! | R15: =IF($C15>R$4,SUMIFS([1]销售表!$J:$J,[1]销售表!$I:$I,$A15,[1]销售表!$B:$B,R$4),($L15-SUM($P15:Q15))*80%/(180-Q$4)) -> #VALUE! | S15: =IF($C15>S$4,SUMIFS([1]销售表!$J:$J,[1]销售表!$I:$I,$A15,[1]销售表!$B:$B,S$4),($L15-SUM($P15:R15))*80%/(180-R$4)) -> #VALUE! | T15: =IF($C15>T$4,SUMIFS([1]销售表!$J:$J,[1]销售表!$I:$I,$A15,[1]销售表!$B:$B,T$4),($L15-SUM($P15:S15))*80%/(180-S$4)) -> #VALUE! | U15: =IF($C15>U$4,SUMIFS([1]销售表!$J:$J,[1]销售表!$I:$I,$A15,[1]销售表!$B:$B,U$4),($L15-SUM($P15:T15))*80%/(180-T$4)) -> #VALUE! | V15: =IF($C15>V$4,SUMIFS([1]销售表!$J:$J,[1]销售表!$I:$I,$A15,[1]销售表!$B:$B,V$4),($L15-SUM($P15:U15))*80%/(180-U$4)) -> #VALUE! | W15: =IF($C15>W$4,SUMIFS([1]销售表!$J:$J,[1]销售表!$I:$I,$A15,[1]销售表!$B:$B,W$4),($L15-SUM($P15:V15))*80%/(180-V$4)) -> #VALUE! | X15: =IF($C15>X$4,SUMIFS([1]销售表!$J:$J,[1]销售表!$I:$I,$A15,[1]销售表!$B:$B,X$4),($L15-SUM($P15:W15))*80%/(180-W$4)) -> #VALUE! | Y15: =IF($C15>Y$4,SUMIFS([1]销售表!$J:$J,[1]销售表!$I:$I,$A15,[1]销售表!$B:$B,Y$4),($L15-SUM($P15:X15))*80%/(180-X$4)) -> #VALUE! | ... AS15: =IF($C15>AS$4,SUMIFS([1]销售表!$J:$J,[1]销售表!$I:$I,$A15,[1]销售表!$B:$B,AS$4),($L15-SUM($P15:AR15))*80%/(180-AR$4)) -> #VALUE! | AT15: =IF($C15>AT$4,SUMIFS([1]销售表!$J:$J,[1]销售表!$I:$I,$A15,[1]销售表!$B:$B,AT$4),($L15-SUM($P15:AS15))*110%/(180-AS$4)) -> #VALUE! | AU15: =IF($C15>AU$4,SUMIFS([1]销售表!$J:$J,[1]销售表!$I:$I,$A15,[1]销售表!$B:$B,AU$4),($L15-SUM($P15:AT15))*110%/(180-AT$4)) -> #VALUE! | AV15: =IF($C15>AV$4,SUMIFS([1]销售表!$J:$J,[1]销售表!$I:$I,$A15,[1]销售表!$B:$B,AV$4),($L15-SUM($P15:AU15))*110%/(180-AU$4)) -> #VALUE! | AW15: =IF($C15>AW$4,SUMIFS([1]销售表!$J:$J,[1]销售表!$I:$I,$A15,[1]销售表!$B:$B,AW$4),($L15-SUM($P15:AV15))*110%/(180-AV$4)) -> #VALUE! | AX15: =IF($C15>AX$4,SUMIFS([1]销售表!$J:$J,[1]销售表!$I:$I,$A15,[1]销售表!$B:$B,AX$4),($L15-SUM($P15:AW15))*110%/(180-AW$4)) -> #VALUE! | AY15: =IF($C15>AY$4,SUMIFS([1]销售表!$J:$J,[1]销售表!$I:$I,$A15,[1]销售表!$B:$B,AY$4),($L15-SUM($P15:AX15))*110%/(180-AX$4)) -> #VALUE! | AZ15: =IF($C15>AZ$4,SUMIFS([1]销售表!$J:$J,[1]销售表!$I:$I,$A15,[1]销售表!$B:$B,AZ$4),($L15-SUM($P15:AY15))*110%/(180-AY$4)) -> #VALUE! | BA15: =IF($C15>BA$4,SUMIFS([1]销售表!$J:$J,[1]销售表!$I:$I,$A15,[1]销售表!$B:$B,BA$4),($L15-SUM($P15:AZ15))*110%/(180-AZ$4)) -> #VALUE! | ... EE15: =IF($C15>EE$4,SUMIFS([1]销售表!$J:$J,[1]销售表!$I:$I,$A15,[1]销售表!$B:$B,EE$4),($L15-SUM($P15:ED15))*110%/(180-ED$4)) -> #VALUE! | EF15: =IF($C15>EF$4,SUMIFS([1]销售表!$J:$J,[1]销售表!$I:$I,$A15,[1]销售表!$B:$B,EF$4),($L15-SUM($P15:EE15))*100%/(180-EE$4)) -> #VALUE! | EG15: =IF($C15>EG$4,SUMIFS([1]销售表!$J:$J,[1]销售表!$I:$I,$A15,[1]销售表!$B:$B,EG$4),($L15-SUM($P15:EF15))*100%/(180-EF$4)) -> #VALUE! | EH15: =IF($C15>EH$4,SUMIFS([1]销售表!$J:$J,[1]销售表!$I:$I,$A15,[1]销售表!$B:$B,EH$4),($L15-SUM($P15:EG15))*100%/(180-EG$4)) -> #VALUE! | EI15: =IF($C15>EI$4,SUMIFS([1]销售表!$J:$J,[1]销售表!$I:$I,$A15,[1]销售表!$B:$B,EI$4),($L15-SUM($P15:EH15))*100%/(180-EH$4)) -> #VALUE! | EJ15: =IF($C15>EJ$4,SUMIFS([1]销售表!$J:$J,[1]销售表!$I:$I,$A15,[1]销售表!$B:$B,EJ$4),($L15-SUM($P15:EI15))*100%/(180-EI$4)) -> #VALUE! | EK15: =IF($C15>EK$4,SUMIFS([1]销售表!$J:$J,[1]销售表!$I:$I,$A15,[1]销售表!$B:$B,EK$4),($L15-SUM($P15:EJ15))*100%/(180-EJ$4)) -> #VALUE! | EL15: =IF($C15>EL$4,SUMIFS([1]销售表!$J:$J,[1]销售表!$I:$I,$A15,[1]销售表!$B:$B,EL$4),($L15-SUM($P15:EK15))*100%/(180-EK$4)) -> #VALUE! | EM15: =IF($C15>EM$4,SUMIFS([1]销售表!$J:$J,[1]销售表!$I:$I,$A15,[1]销售表!$B:$B,EM$4),($L15-SUM($P15:EL15))*100%/(180-EL$4)) -> #VALUE! | ... GM15: =IF($C15>GM$4,SUMIFS([1]销售表!$J:$J,[1]销售表!$I:$I,$A15,[1]销售表!$B:$B,GM$4),($L15-SUM($P15:GL15))*100%/(180-GL$4)) -> #VALUE!
C16: =TODAY()-B16 -> 46203 | E16: =L16-G16 -> 0 | H16: =G16/L16 -> #DIV/0! | J16: =SUMIFS([1]销售表!J:J,[1]销售表!I:I,A16,[1]销售表!E:E,"可取") -> 0 | M16: =_xlfn.XLOOKUP(A16,[1]销售表!I:I,[1]销售表!J:J,0,0,-1) -> 0 | N16: {=IF(C16>180,"0",INDEX(P16:GM16,C16))} -> 0 | P16: =SUMIFS([1]销售表!J:J,[1]销售表!I:I,A16,[1]销售表!B:B,$P$4) -> 0 | Q16: =IF($C16>Q$4,SUMIFS([1]销售表!$J:$J,[1]销售表!$I:$I,$A16,[1]销售表!$B:$B,Q$4),($L16-SUM($P16))*80%/(180-P$4)) -> #VALUE! | R16: =IF($C16>R$4,SUMIFS([1]销售表!$J:$J,[1]销售表!$I:$I,$A16,[1]销售表!$B:$B,R$4),($L16-SUM($P16:Q16))*80%/(180-Q$4)) -> #VALUE! | S16: =IF($C16>S$4,SUMIFS([1]销售表!$J:$J,[1]销售表!$I:$I,$A16,[1]销售表!$B:$B,S$4),($L16-SUM($P16:R16))*80%/(180-R$4)) -> #VALUE! | T16: =IF($C16>T$4,SUMIFS([1]销售表!$J:$J,[1]销售表!$I:$I,$A16,[1]销售表!$B:$B,T$4),($L16-SUM($P16:S16))*80%/(180-S$4)) -> #VALUE! | U16: =IF($C16>U$4,SUMIFS([1]销售表!$J:$J,[1]销售表!$I:$I,$A16,[1]销售表!$B:$B,U$4),($L16-SUM($P16:T16))*80%/(180-T$4)) -> #VALUE! | V16: =IF($C16>V$4,SUMIFS([1]销售表!$J:$J,[1]销售表!$I:$I,$A16,[1]销售表!$B:$B,V$4),($L16-SUM($P16:U16))*80%/(180-U$4)) -> #VALUE! | W16: =IF($C16>W$4,SUMIFS([1]销售表!$J:$J,[1]销售表!$I:$I,$A16,[1]销售表!$B:$B,W$4),($L16-SUM($P16:V16))*80%/(180-V$4)) -> #VALUE! | X16: =IF($C16>X$4,SUMIFS([1]销售表!$J:$J,[1]销售表!$I:$I,$A16,[1]销售表!$B:$B,X$4),($L16-SUM($P16:W16))*80%/(180-W$4)) -> #VALUE! | Y16: =IF($C16>Y$4,SUMIFS([1]销售表!$J:$J,[1]销售表!$I:$I,$A16,[1]销售表!$B:$B,Y$4),($L16-SUM($P16:X16))*80%/(180-X$4)) -> #VALUE! | ... AS16: =IF($C16>AS$4,SUMIFS([1]销售表!$J:$J,[1]销售表!$I:$I,$A16,[1]销售表!$B:$B,AS$4),($L16-SUM($P16:AR16))*80%/(180-AR$4)) -> #VALUE! | AT16: =IF($C16>AT$4,SUMIFS([1]销售表!$J:$J,[1]销售表!$I:$I,$A16,[1]销售表!$B:$B,AT$4),($L16-SUM($P16:AS16))*110%/(180-AS$4)) -> #VALUE! | AU16: =IF($C16>AU$4,SUMIFS([1]销售表!$J:$J,[1]销售表!$I:$I,$A16,[1]销售表!$B:$B,AU$4),($L16-SUM($P16:AT16))*110%/(180-AT$4)) -> #VALUE! | AV16: =IF($C16>AV$4,SUMIFS([1]销售表!$J:$J,[1]销售表!$I:$I,$A16,[1]销售表!$B:$B,AV$4),($L16-SUM($P16:AU16))*110%/(180-AU$4)) -> #VALUE! | AW16: =IF($C16>AW$4,SUMIFS([1]销售表!$J:$J,[1]销售表!$I:$I,$A16,[1]销售表!$B:$B,AW$4),($L16-SUM($P16:AV16))*110%/(180-AV$4)) -> #VALUE! | AX16: =IF($C16>AX$4,SUMIFS([1]销售表!$J:$J,[1]销售表!$I:$I,$A16,[1]销售表!$B:$B,AX$4),($L16-SUM($P16:AW16))*110%/(180-AW$4)) -> #VALUE! | AY16: =IF($C16>AY$4,SUMIFS([1]销售表!$J:$J,[1]销售表!$I:$I,$A16,[1]销售表!$B:$B,AY$4),($L16-SUM($P16:AX16))*110%/(180-AX$4)) -> #VALUE! | AZ16: =IF($C16>AZ$4,SUMIFS([1]销售表!$J:$J,[1]销售表!$I:$I,$A16,[1]销售表!$B:$B,AZ$4),($L16-SUM($P16:AY16))*110%/(180-AY$4)) -> #VALUE! | BA16: =IF($C16>BA$4,SUMIFS([1]销售表!$J:$J,[1]销售表!$I:$I,$A16,[1]销售表!$B:$B,BA$4),($L16-SUM($P16:AZ16))*110%/(180-AZ$4)) -> #VALUE! | ... EE16: =IF($C16>EE$4,SUMIFS([1]销售表!$J:$J,[1]销售表!$I:$I,$A16,[1]销售表!$B:$B,EE$4),($L16-SUM($P16:ED16))*110%/(180-ED$4)) -> #VALUE! | EF16: =IF($C16>EF$4,SUMIFS([1]销售表!$J:$J,[1]销售表!$I:$I,$A16,[1]销售表!$B:$B,EF$4),($L16-SUM($P16:EE16))*100%/(180-EE$4)) -> #VALUE! | EG16: =IF($C16>EG$4,SUMIFS([1]销售表!$J:$J,[1]销售表!$I:$I,$A16,[1]销售表!$B:$B,EG$4),($L16-SUM($P16:EF16))*100%/(180-EF$4)) -> #VALUE! | EH16: =IF($C16>EH$4,SUMIFS([1]销售表!$J:$J,[1]销售表!$I:$I,$A16,[1]销售表!$B:$B,EH$4),($L16-SUM($P16:EG16))*100%/(180-EG$4)) -> #VALUE! | EI16: =IF($C16>EI$4,SUMIFS([1]销售表!$J:$J,[1]销售表!$I:$I,$A16,[1]销售表!$B:$B,EI$4),($L16-SUM($P16:EH16))*100%/(180-EH$4)) -> #VALUE! | EJ16: =IF($C16>EJ$4,SUMIFS([1]销售表!$J:$J,[1]销售表!$I:$I,$A16,[1]销售表!$B:$B,EJ$4),($L16-SUM($P16:EI16))*100%/(180-EI$4)) -> #VALUE! | EK16: =IF($C16>EK$4,SUMIFS([1]销售表!$J:$J,[1]销售表!$I:$I,$A16,[1]销售表!$B:$B,EK$4),($L16-SUM($P16:EJ16))*100%/(180-EJ$4)) -> #VALUE! | EL16: =IF($C16>EL$4,SUMIFS([1]销售表!$J:$J,[1]销售表!$I:$I,$A16,[1]销售表!$B:$B,EL$4),($L16-SUM($P16:EK16))*100%/(180-EK$4)) -> #VALUE! | EM16: =IF($C16>EM$4,SUMIFS([1]销售表!$J:$J,[1]销售表!$I:$I,$A16,[1]销售表!$B:$B,EM$4),($L16-SUM($P16:EL16))*100%/(180-EL$4)) -> #VALUE! | ... GM16: =IF($C16>GM$4,SUMIFS([1]销售表!$J:$J,[1]销售表!$I:$I,$A16,[1]销售表!$B:$B,GM$4),($L16-SUM($P16:GL16))*100%/(180-GL$4)) -> #VALUE!
C17: =TODAY()-B17 -> 46203 | E17: =L17-G17 -> 0 | H17: =G17/L17 -> #DIV/0! | J17: =SUMIFS([1]销售表!J:J,[1]销售表!I:I,A17,[1]销售表!E:E,"可取") -> 0 | M17: =_xlfn.XLOOKUP(A17,[1]销售表!I:I,[1]销售表!J:J,0,0,-1) -> 0 | N17: {=IF(C17>180,"0",INDEX(P17:GM17,C17))} -> 0 | P17: =SUMIFS([1]销售表!J:J,[1]销售表!I:I,A17,[1]销售表!B:B,$P$4) -> 0 | Q17: =IF($C17>Q$4,SUMIFS([1]销售表!$J:$J,[1]销售表!$I:$I,$A17,[1]销售表!$B:$B,Q$4),($L17-SUM($P17))*80%/(180-P$4)) -> #VALUE! | R17: =IF($C17>R$4,SUMIFS([1]销售表!$J:$J,[1]销售表!$I:$I,$A17,[1]销售表!$B:$B,R$4),($L17-SUM($P17:Q17))*80%/(180-Q$4)) -> #VALUE! | S17: =IF($C17>S$4,SUMIFS([1]销售表!$J:$J,[1]销售表!$I:$I,$A17,[1]销售表!$B:$B,S$4),($L17-SUM($P17:R17))*80%/(180-R$4)) -> #VALUE! | T17: =IF($C17>T$4,SUMIFS([1]销售表!$J:$J,[1]销售表!$I:$I,$A17,[1]销售表!$B:$B,T$4),($L17-SUM($P17:S17))*80%/(180-S$4)) -> #VALUE! | U17: =IF($C17>U$4,SUMIFS([1]销售表!$J:$J,[1]销售表!$I:$I,$A17,[1]销售表!$B:$B,U$4),($L17-SUM($P17:T17))*80%/(180-T$4)) -> #VALUE! | V17: =IF($C17>V$4,SUMIFS([1]销售表!$J:$J,[1]销售表!$I:$I,$A17,[1]销售表!$B:$B,V$4),($L17-SUM($P17:U17))*80%/(180-U$4)) -> #VALUE! | W17: =IF($C17>W$4,SUMIFS([1]销售表!$J:$J,[1]销售表!$I:$I,$A17,[1]销售表!$B:$B,W$4),($L17-SUM($P17:V17))*80%/(180-V$4)) -> #VALUE! | X17: =IF($C17>X$4,SUMIFS([1]销售表!$J:$J,[1]销售表!$I:$I,$A17,[1]销售表!$B:$B,X$4),($L17-SUM($P17:W17))*80%/(180-W$4)) -> #VALUE! | Y17: =IF($C17>Y$4,SUMIFS([1]销售表!$J:$J,[1]销售表!$I:$I,$A17,[1]销售表!$B:$B,Y$4),($L17-SUM($P17:X17))*80%/(180-X$4)) -> #VALUE! | ... AS17: =IF($C17>AS$4,SUMIFS([1]销售表!$J:$J,[1]销售表!$I:$I,$A17,[1]销售表!$B:$B,AS$4),($L17-SUM($P17:AR17))*80%/(180-AR$4)) -> #VALUE! | AT17: =IF($C17>AT$4,SUMIFS([1]销售表!$J:$J,[1]销售表!$I:$I,$A17,[1]销售表!$B:$B,AT$4),($L17-SUM($P17:AS17))*110%/(180-AS$4)) -> #VALUE! | AU17: =IF($C17>AU$4,SUMIFS([1]销售表!$J:$J,[1]销售表!$I:$I,$A17,[1]销售表!$B:$B,AU$4),($L17-SUM($P17:AT17))*110%/(180-AT$4)) -> #VALUE! | AV17: =IF($C17>AV$4,SUMIFS([1]销售表!$J:$J,[1]销售表!$I:$I,$A17,[1]销售表!$B:$B,AV$4),($L17-SUM($P17:AU17))*110%/(180-AU$4)) -> #VALUE! | AW17: =IF($C17>AW$4,SUMIFS([1]销售表!$J:$J,[1]销售表!$I:$I,$A17,[1]销售表!$B:$B,AW$4),($L17-SUM($P17:AV17))*110%/(180-AV$4)) -> #VALUE! | AX17: =IF($C17>AX$4,SUMIFS([1]销售表!$J:$J,[1]销售表!$I:$I,$A17,[1]销售表!$B:$B,AX$4),($L17-SUM($P17:AW17))*110%/(180-AW$4)) -> #VALUE! | AY17: =IF($C17>AY$4,SUMIFS([1]销售表!$J:$J,[1]销售表!$I:$I,$A17,[1]销售表!$B:$B,AY$4),($L17-SUM($P17:AX17))*110%/(180-AX$4)) -> #VALUE! | AZ17: =IF($C17>AZ$4,SUMIFS([1]销售表!$J:$J,[1]销售表!$I:$I,$A17,[1]销售表!$B:$B,AZ$4),($L17-SUM($P17:AY17))*110%/(180-AY$4)) -> #VALUE! | BA17: =IF($C17>BA$4,SUMIFS([1]销售表!$J:$J,[1]销售表!$I:$I,$A17,[1]销售表!$B:$B,BA$4),($L17-SUM($P17:AZ17))*110%/(180-AZ$4)) -> #VALUE! | ... EE17: =IF($C17>EE$4,SUMIFS([1]销售表!$J:$J,[1]销售表!$I:$I,$A17,[1]销售表!$B:$B,EE$4),($L17-SUM($P17:ED17))*110%/(180-ED$4)) -> #VALUE! | EF17: =IF($C17>EF$4,SUMIFS([1]销售表!$J:$J,[1]销售表!$I:$I,$A17,[1]销售表!$B:$B,EF$4),($L17-SUM($P17:EE17))*100%/(180-EE$4)) -> #VALUE! | EG17: =IF($C17>EG$4,SUMIFS([1]销售表!$J:$J,[1]销售表!$I:$I,$A17,[1]销售表!$B:$B,EG$4),($L17-SUM($P17:EF17))*100%/(180-EF$4)) -> #VALUE! | EH17: =IF($C17>EH$4,SUMIFS([1]销售表!$J:$J,[1]销售表!$I:$I,$A17,[1]销售表!$B:$B,EH$4),($L17-SUM($P17:EG17))*100%/(180-EG$4)) -> #VALUE! | EI17: =IF($C17>EI$4,SUMIFS([1]销售表!$J:$J,[1]销售表!$I:$I,$A17,[1]销售表!$B:$B,EI$4),($L17-SUM($P17:EH17))*100%/(180-EH$4)) -> #VALUE! | EJ17: =IF($C17>EJ$4,SUMIFS([1]销售表!$J:$J,[1]销售表!$I:$I,$A17,[1]销售表!$B:$B,EJ$4),($L17-SUM($P17:EI17))*100%/(180-EI$4)) -> #VALUE! | EK17: =IF($C17>EK$4,SUMIFS([1]销售表!$J:$J,[1]销售表!$I:$I,$A17,[1]销售表!$B:$B,EK$4),($L17-SUM($P17:EJ17))*100%/(180-EJ$4)) -> #VALUE! | EL17: =IF($C17>EL$4,SUMIFS([1]销售表!$J:$J,[1]销售表!$I:$I,$A17,[1]销售表!$B:$B,EL$4),($L17-SUM($P17:EK17))*100%/(180-EK$4)) -> #VALUE! | EM17: =IF($C17>EM$4,SUMIFS([1]销售表!$J:$J,[1]销售表!$I:$I,$A17,[1]销售表!$B:$B,EM$4),($L17-SUM($P17:EL17))*100%/(180-EL$4)) -> #VALUE! | ... GM17: =IF($C17>GM$4,SUMIFS([1]销售表!$J:$J,[1]销售表!$I:$I,$A17,[1]销售表!$B:$B,GM$4),($L17-SUM($P17:GL17))*100%/(180-GL$4)) -> #VALUE!
C18: =TODAY()-B18 -> 46203 | E18: =L18-G18 -> 0 | H18: =G18/L18 -> #DIV/0! | J18: =SUMIFS([1]销售表!J:J,[1]销售表!I:I,A18,[1]销售表!E:E,"可取") -> 0 | M18: =_xlfn.XLOOKUP(A18,[1]销售表!I:I,[1]销售表!J:J,0,0,-1) -> 0 | N18: {=IF(C18>180,"0",INDEX(P18:GM18,C18))} -> 0 | P18: =SUMIFS([1]销售表!J:J,[1]销售表!I:I,A18,[1]销售表!B:B,$P$4) -> 0 | Q18: =IF($C18>Q$4,SUMIFS([1]销售表!$J:$J,[1]销售表!$I:$I,$A18,[1]销售表!$B:$B,Q$4),($L18-SUM($P18))*80%/(180-P$4)) -> #VALUE! | R18: =IF($C18>R$4,SUMIFS([1]销售表!$J:$J,[1]销售表!$I:$I,$A18,[1]销售表!$B:$B,R$4),($L18-SUM($P18:Q18))*80%/(180-Q$4)) -> #VALUE! | S18: =IF($C18>S$4,SUMIFS([1]销售表!$J:$J,[1]销售表!$I:$I,$A18,[1]销售表!$B:$B,S$4),($L18-SUM($P18:R18))*80%/(180-R$4)) -> #VALUE! | T18: =IF($C18>T$4,SUMIFS([1]销售表!$J:$J,[1]销售表!$I:$I,$A18,[1]销售表!$B:$B,T$4),($L18-SUM($P18:S18))*80%/(180-S$4)) -> #VALUE! | U18: =IF($C18>U$4,SUMIFS([1]销售表!$J:$J,[1]销售表!$I:$I,$A18,[1]销售表!$B:$B,U$4),($L18-SUM($P18:T18))*80%/(180-T$4)) -> #VALUE! | V18: =IF($C18>V$4,SUMIFS([1]销售表!$J:$J,[1]销售表!$I:$I,$A18,[1]销售表!$B:$B,V$4),($L18-SUM($P18:U18))*80%/(180-U$4)) -> #VALUE! | W18: =IF($C18>W$4,SUMIFS([1]销售表!$J:$J,[1]销售表!$I:$I,$A18,[1]销售表!$B:$B,W$4),($L18-SUM($P18:V18))*80%/(180-V$4)) -> #VALUE! | X18: =IF($C18>X$4,SUMIFS([1]销售表!$J:$J,[1]销售表!$I:$I,$A18,[1]销售表!$B:$B,X$4),($L18-SUM($P18:W18))*80%/(180-W$4)) -> #VALUE! | Y18: =IF($C18>Y$4,SUMIFS([1]销售表!$J:$J,[1]销售表!$I:$I,$A18,[1]销售表!$B:$B,Y$4),($L18-SUM($P18:X18))*80%/(180-X$4)) -> #VALUE! | ... AS18: =IF($C18>AS$4,SUMIFS([1]销售表!$J:$J,[1]销售表!$I:$I,$A18,[1]销售表!$B:$B,AS$4),($L18-SUM($P18:AR18))*80%/(180-AR$4)) -> #VALUE! | AT18: =IF($C18>AT$4,SUMIFS([1]销售表!$J:$J,[1]销售表!$I:$I,$A18,[1]销售表!$B:$B,AT$4),($L18-SUM($P18:AS18))*110%/(180-AS$4)) -> #VALUE! | AU18: =IF($C18>AU$4,SUMIFS([1]销售表!$J:$J,[1]销售表!$I:$I,$A18,[1]销售表!$B:$B,AU$4),($L18-SUM($P18:AT18))*110%/(180-AT$4)) -> #VALUE! | AV18: =IF($C18>AV$4,SUMIFS([1]销售表!$J:$J,[1]销售表!$I:$I,$A18,[1]销售表!$B:$B,AV$4),($L18-SUM($P18:AU18))*110%/(180-AU$4)) -> #VALUE! | AW18: =IF($C18>AW$4,SUMIFS([1]销售表!$J:$J,[1]销售表!$I:$I,$A18,[1]销售表!$B:$B,AW$4),($L18-SUM($P18:AV18))*110%/(180-AV$4)) -> #VALUE! | AX18: =IF($C18>AX$4,SUMIFS([1]销售表!$J:$J,[1]销售表!$I:$I,$A18,[1]销售表!$B:$B,AX$4),($L18-SUM($P18:AW18))*110%/(180-AW$4)) -> #VALUE! | AY18: =IF($C18>AY$4,SUMIFS([1]销售表!$J:$J,[1]销售表!$I:$I,$A18,[1]销售表!$B:$B,AY$4),($L18-SUM($P18:AX18))*110%/(180-AX$4)) -> #VALUE! | AZ18: =IF($C18>AZ$4,SUMIFS([1]销售表!$J:$J,[1]销售表!$I:$I,$A18,[1]销售表!$B:$B,AZ$4),($L18-SUM($P18:AY18))*110%/(180-AY$4)) -> #VALUE! | BA18: =IF($C18>BA$4,SUMIFS([1]销售表!$J:$J,[1]销售表!$I:$I,$A18,[1]销售表!$B:$B,BA$4),($L18-SUM($P18:AZ18))*110%/(180-AZ$4)) -> #VALUE! | ... EE18: =IF($C18>EE$4,SUMIFS([1]销售表!$J:$J,[1]销售表!$I:$I,$A18,[1]销售表!$B:$B,EE$4),($L18-SUM($P18:ED18))*110%/(180-ED$4)) -> #VALUE! | EF18: =IF($C18>EF$4,SUMIFS([1]销售表!$J:$J,[1]销售表!$I:$I,$A18,[1]销售表!$B:$B,EF$4),($L18-SUM($P18:EE18))*100%/(180-EE$4)) -> #VALUE! | EG18: =IF($C18>EG$4,SUMIFS([1]销售表!$J:$J,[1]销售表!$I:$I,$A18,[1]销售表!$B:$B,EG$4),($L18-SUM($P18:EF18))*100%/(180-EF$4)) -> #VALUE! | EH18: =IF($C18>EH$4,SUMIFS([1]销售表!$J:$J,[1]销售表!$I:$I,$A18,[1]销售表!$B:$B,EH$4),($L18-SUM($P18:EG18))*100%/(180-EG$4)) -> #VALUE! | EI18: =IF($C18>EI$4,SUMIFS([1]销售表!$J:$J,[1]销售表!$I:$I,$A18,[1]销售表!$B:$B,EI$4),($L18-SUM($P18:EH18))*100%/(180-EH$4)) -> #VALUE! | EJ18: =IF($C18>EJ$4,SUMIFS([1]销售表!$J:$J,[1]销售表!$I:$I,$A18,[1]销售表!$B:$B,EJ$4),($L18-SUM($P18:EI18))*100%/(180-EI$4)) -> #VALUE! | EK18: =IF($C18>EK$4,SUMIFS([1]销售表!$J:$J,[1]销售表!$I:$I,$A18,[1]销售表!$B:$B,EK$4),($L18-SUM($P18:EJ18))*100%/(180-EJ$4)) -> #VALUE! | EL18: =IF($C18>EL$4,SUMIFS([1]销售表!$J:$J,[1]销售表!$I:$I,$A18,[1]销售表!$B:$B,EL$4),($L18-SUM($P18:EK18))*100%/(180-EK$4)) -> #VALUE! | EM18: =IF($C18>EM$4,SUMIFS([1]销售表!$J:$J,[1]销售表!$I:$I,$A18,[1]销售表!$B:$B,EM$4),($L18-SUM($P18:EL18))*100%/(180-EL$4)) -> #VALUE! | ... GM18: =IF($C18>GM$4,SUMIFS([1]销售表!$J:$J,[1]销售表!$I:$I,$A18,[1]销售表!$B:$B,GM$4),($L18-SUM($P18:GL18))*100%/(180-GL$4)) -> #VALUE!

Sheet 实际销售
A1: 项目
A2: 实际销售
R3: 0-30天新品期 | AV3: 31-120天热销期 | EH3: 121-180天清货期
A4: SKC | B4: 上架时间 | C4: 已上架天数 | D4: 销售周期标签 | E4: 库存 | F4: 可售周期 | G4: 累计销量 | H4: 达成比例 | I4: 昨日销售达成情况 | J4: 7天销售达成情况 | K4: 30天销售达成情况 | L4: 订货数量 | M4: 昨日实际销售 | N4: 今日计划销售数量 | O4: 某天 | P4: 某一天应销售数量 | Q4: 距离已上架数量（）天 | R4: 1 | S4: 2 | T4: 3 | U4: 4 | V4: 5 | W4: 6 | X4: 7 | Y4: 8 | Z4: 9 | AA4: 10 | AB4: 11 | AC4: 12 | AD4: 13 | AE4: 14 | AF4: 15 | AG4: 16 | AH4: 17 | AI4: 18 | AJ4: 19 | AK4: 20 | AL4: 21 | AM4: 22 | AN4: 23 | AO4: 24 | AP4: 25 | AQ4: 26 | AR4: 27 | AS4: 28 | AT4: 29 | AU4: 30 | AV4: 31 | AW4: 32 | AX4: 33 | AY4: 34 | AZ4: 35 | BA4: 36 | BB4: 37 | BC4: 38 | BD4: 39 | BE4: 40 | BF4: 41 | BG4: 42 | BH4: 43 | BI4: 44 | BJ4: 45 | BK4: 46 | BL4: 47 | BM4: 48 | BN4: 49 | BO4: 50 | BP4: 51 | BQ4: 52 | BR4: 53 | BS4: 54 | BT4: 55 | BU4: 56 | BV4: 57 | BW4: 58 | BX4: 59 | BY4: 60 | BZ4: 61 | CA4: 62 | CB4: 63 | CC4: 64 | CD4: 65 | CE4: 66 | CF4: 67 | CG4: 68 | CH4: 69 | CI4: 70 | CJ4: 71 | CK4: 72 | CL4: 73 | CM4: 74 | CN4: 75 | CO4: 76 | CP4: 77 | CQ4: 78 | CR4: 79 | CS4: 80 | CT4: 81 | CU4: 82 | CV4: 83 | CW4: 84 | CX4: 85 | CY4: 86 | CZ4: 87 | DA4: 88 | DB4: 89 | DC4: 90 | DD4: 91 | DE4: 92 | DF4: 93 | DG4: 94 | DH4: 95 | DI4: 96 | DJ4: 97 | DK4: 98 | DL4: 99 | DM4: 100 | DN4: 101 | DO4: 102 | DP4: 103 | DQ4: 104 | DR4: 105 | DS4: 106 | DT4: 107 | DU4: 108 | DV4: 109 | DW4: 110 | DX4: 111 | DY4: 112 | DZ4: 113 | EA4: 114 | EB4: 115 | EC4: 116 | ED4: 117 | EE4: 118 | EF4: 119 | EG4: 120 | EH4: 121 | EI4: 122 | EJ4: 123 | EK4: 124 | EL4: 125 | EM4: 126 | EN4: 127 | EO4: 128 | EP4: 129 | EQ4: 130 | ER4: 131 | ES4: 132 | ET4: 133 | EU4: 134 | EV4: 135 | EW4: 136 | EX4: 137 | EY4: 138 | EZ4: 139 | FA4: 140 | FB4: 141 | FC4: 142 | FD4: 143 | FE4: 144 | FF4: 145 | FG4: 146 | FH4: 147 | FI4: 148 | FJ4: 149 | FK4: 150 | FL4: 151 | FM4: 152 | FN4: 153 | FO4: 154 | FP4: 155 | FQ4: 156 | FR4: 157 | FS4: 158 | FT4: 159 | FU4: 160 | FV4: 161 | FW4: 162 | FX4: 163 | FY4: 164 | FZ4: 165 | GA4: 166 | GB4: 167 | GC4: 168 | GD4: 169 | GE4: 170 | GF4: 171 | GG4: 172 | GH4: 173 | GI4: 174 | GJ4: 175 | GK4: 176 | GL4: 177 | GM4: 178 | GN4: 179 | GO4: 180
A5: ABCW011-1 | B5: 46062 | C5: =TODAY()-B5+1 -> 142 | D5: {=_xlfn.IFS(AND(TODAY()-B5<=30,TODAY()-B5>=0),"新品期",AND(TODAY()-B5>=31,TODAY()-B5<=120),"热销期",AND(TODAY()-B5>=121,TODAY()-B5<=180),"清货期",TODAY()-B5>180,"滞销")} -> 清货期 | E5: =L5-G5 -> 3517 | G5: =SUMIF(销售取值基础数据!I:I,A5,销售取值基础数据!J:J) -> 1483 | H5: =G5/L5 -> 0.2966 | J5: =SUMIFS(销售取值基础数据!J:J,销售取值基础数据!I:I,A5,销售取值基础数据!E:E,"可取") -> 0 | L5: 5000 | M5: =_xlfn.XLOOKUP(A5,销售取值基础数据!I:I,销售取值基础数据!J:J,0,0,-1) -> 14 | N5: =_xlfn.XLOOKUP(A5,'销售计划（销售后）'!A:A,'销售计划（销售后）'!N:N) -> #NAME? | O5: 46144 | P5: {=IFERROR(INDEX(R5:GO5,Q5),"/")} -> 15 | Q5: =IF(O5-B5>0,O5-B5,"此时段未上架") -> 82 | R5: =SUMIFS(销售取值基础数据!J:J,销售取值基础数据!I:I,A5,销售取值基础数据!B:B,$R$4) -> 15 | S5: =IF($C5>S$4,SUMIFS(销售取值基础数据!$J:$J,销售取值基础数据!$I:$I,$A5,销售取值基础数据!$B:$B,S$4),"") -> 16 | T5: =IF($C5>T$4,SUMIFS(销售取值基础数据!$J:$J,销售取值基础数据!$I:$I,$A5,销售取值基础数据!$B:$B,T$4),"") -> 17 | U5: =IF($C5>U$4,SUMIFS(销售取值基础数据!$J:$J,销售取值基础数据!$I:$I,$A5,销售取值基础数据!$B:$B,U$4),"") -> 7 | V5: =IF($C5>V$4,SUMIFS(销售取值基础数据!$J:$J,销售取值基础数据!$I:$I,$A5,销售取值基础数据!$B:$B,V$4),"") -> 8 | W5: =IF($C5>W$4,SUMIFS(销售取值基础数据!$J:$J,销售取值基础数据!$I:$I,$A5,销售取值基础数据!$B:$B,W$4),"") -> 9 | X5: =IF($C5>X$4,SUMIFS(销售取值基础数据!$J:$J,销售取值基础数据!$I:$I,$A5,销售取值基础数据!$B:$B,X$4),"") -> 10 | Y5: =IF($C5>Y$4,SUMIFS(销售取值基础数据!$J:$J,销售取值基础数据!$I:$I,$A5,销售取值基础数据!$B:$B,Y$4),"") -> 15 | Z5: =IF($C5>Z$4,SUMIFS(销售取值基础数据!$J:$J,销售取值基础数据!$I:$I,$A5,销售取值基础数据!$B:$B,Z$4),"") -> 14 | ... GO5: =IF($C5>GO$4,SUMIFS(销售取值基础数据!$J:$J,销售取值基础数据!$I:$I,$A5,销售取值基础数据!$B:$B,GO$4),"")
A6: ABAV085-3 | B6: 46134 | C6: =TODAY()-B6+1 -> 70 | D6: {=_xlfn.IFS(AND(TODAY()-B6<=30,TODAY()-B6>=0),"新品期",AND(TODAY()-B6>=31,TODAY()-B6<=120),"热销期",AND(TODAY()-B6>=121,TODAY()-B6<=180),"清货期",TODAY()-B6>180,"滞销")} -> 热销期 | E6: =L6-G6 -> 2366 | G6: =SUMIF(销售取值基础数据!I:I,A6,销售取值基础数据!J:J) -> 634 | H6: =G6/L6 -> 0.21133333 | J6: =SUMIFS(销售取值基础数据!J:J,销售取值基础数据!I:I,A6,销售取值基础数据!E:E,"可取") -> 0 | L6: 3000 | M6: =_xlfn.XLOOKUP(A6,销售取值基础数据!I:I,销售取值基础数据!J:J,0,0,-1) -> 15 | N6: =_xlfn.XLOOKUP(A6,'销售计划（销售后）'!A:A,'销售计划（销售后）'!N:N) -> #NAME? | O6: 46144 | P6: {=IFERROR(INDEX(R6:GO6,Q6),"/")} -> 10 | Q6: =IF(O6-B6>0,O6-B6,"此时段未上架") -> 10 | R6: =SUMIFS(销售取值基础数据!J:J,销售取值基础数据!I:I,A6,销售取值基础数据!B:B,$R$4) -> 10 | S6: =IF($C6>S$4,SUMIFS(销售取值基础数据!$J:$J,销售取值基础数据!$I:$I,$A6,销售取值基础数据!$B:$B,S$4),"") -> 15 | T6: =IF($C6>T$4,SUMIFS(销售取值基础数据!$J:$J,销售取值基础数据!$I:$I,$A6,销售取值基础数据!$B:$B,T$4),"") -> 10 | U6: =IF($C6>U$4,SUMIFS(销售取值基础数据!$J:$J,销售取值基础数据!$I:$I,$A6,销售取值基础数据!$B:$B,U$4),"") -> 11 | V6: =IF($C6>V$4,SUMIFS(销售取值基础数据!$J:$J,销售取值基础数据!$I:$I,$A6,销售取值基础数据!$B:$B,V$4),"") -> 12 | W6: =IF($C6>W$4,SUMIFS(销售取值基础数据!$J:$J,销售取值基础数据!$I:$I,$A6,销售取值基础数据!$B:$B,W$4),"") -> 13 | X6: =IF($C6>X$4,SUMIFS(销售取值基础数据!$J:$J,销售取值基础数据!$I:$I,$A6,销售取值基础数据!$B:$B,X$4),"") -> 7 | Y6: =IF($C6>Y$4,SUMIFS(销售取值基础数据!$J:$J,销售取值基础数据!$I:$I,$A6,销售取值基础数据!$B:$B,Y$4),"") -> 8 | Z6: =IF($C6>Z$4,SUMIFS(销售取值基础数据!$J:$J,销售取值基础数据!$I:$I,$A6,销售取值基础数据!$B:$B,Z$4),"") -> 9 | ... GO6: =IF($C6>GO$4,SUMIFS(销售取值基础数据!$J:$J,销售取值基础数据!$I:$I,$A6,销售取值基础数据!$B:$B,GO$4),"")
A7: ABPV009-6 | B7: 46170 | C7: =TODAY()-B7+1 -> 34 | D7: {=_xlfn.IFS(AND(TODAY()-B7<=30,TODAY()-B7>=0),"新品期",AND(TODAY()-B7>=31,TODAY()-B7<=120),"热销期",AND(TODAY()-B7>=121,TODAY()-B7<=180),"清货期",TODAY()-B7>180,"滞销")} -> 热销期 | E7: =L7-G7 -> 852 | G7: =SUMIF(销售取值基础数据!I:I,A7,销售取值基础数据!J:J) -> 148 | H7: =G7/L7 -> 0.148 | J7: =SUMIFS(销售取值基础数据!J:J,销售取值基础数据!I:I,A7,销售取值基础数据!E:E,"可取") -> 0 | L7: 1000 | M7: =_xlfn.XLOOKUP(A7,销售取值基础数据!I:I,销售取值基础数据!J:J,0,0,-1) -> 7 | N7: =_xlfn.XLOOKUP(A7,'销售计划（销售后）'!A:A,'销售计划（销售后）'!N:N) -> #NAME? | O7: 46144 | P7: {=IFERROR(INDEX(R7:GO7,Q7),"/")} -> / | Q7: =IF(O7-B7>0,O7-B7,"此时段未上架") -> 此时段未上架 | R7: =SUMIFS(销售取值基础数据!J:J,销售取值基础数据!I:I,A7,销售取值基础数据!B:B,$R$4) -> 3 | S7: =IF($C7>S$4,SUMIFS(销售取值基础数据!$J:$J,销售取值基础数据!$I:$I,$A7,销售取值基础数据!$B:$B,S$4),"") -> 1 | T7: =IF($C7>T$4,SUMIFS(销售取值基础数据!$J:$J,销售取值基础数据!$I:$I,$A7,销售取值基础数据!$B:$B,T$4),"") -> 2 | U7: =IF($C7>U$4,SUMIFS(销售取值基础数据!$J:$J,销售取值基础数据!$I:$I,$A7,销售取值基础数据!$B:$B,U$4),"") -> 4 | V7: =IF($C7>V$4,SUMIFS(销售取值基础数据!$J:$J,销售取值基础数据!$I:$I,$A7,销售取值基础数据!$B:$B,V$4),"") -> 5 | W7: =IF($C7>W$4,SUMIFS(销售取值基础数据!$J:$J,销售取值基础数据!$I:$I,$A7,销售取值基础数据!$B:$B,W$4),"") -> 5 | X7: =IF($C7>X$4,SUMIFS(销售取值基础数据!$J:$J,销售取值基础数据!$I:$I,$A7,销售取值基础数据!$B:$B,X$4),"") -> 8 | Y7: =IF($C7>Y$4,SUMIFS(销售取值基础数据!$J:$J,销售取值基础数据!$I:$I,$A7,销售取值基础数据!$B:$B,Y$4),"") -> 3 | Z7: =IF($C7>Z$4,SUMIFS(销售取值基础数据!$J:$J,销售取值基础数据!$I:$I,$A7,销售取值基础数据!$B:$B,Z$4),"") -> 5 | ... GO7: =IF($C7>GO$4,SUMIFS(销售取值基础数据!$J:$J,销售取值基础数据!$I:$I,$A7,销售取值基础数据!$B:$B,GO$4),"")
A8: ABAV045-2 | B8: 45971 | C8: =TODAY()-B8+1 -> 233 | D8: {=_xlfn.IFS(AND(TODAY()-B8<=30,TODAY()-B8>=0),"新品期",AND(TODAY()-B8>=31,TODAY()-B8<=120),"热销期",AND(TODAY()-B8>=121,TODAY()-B8<=180),"清货期",TODAY()-B8>180,"滞销")} -> 滞销 | E8: =L8-G8 -> 2000 | G8: =SUMIF(销售取值基础数据!I:I,A8,销售取值基础数据!J:J) -> 0 | H8: =G8/L8 -> 0 | J8: =SUMIFS(销售取值基础数据!J:J,销售取值基础数据!I:I,A8,销售取值基础数据!E:E,"可取") -> 0 | L8: 2000 | M8: =_xlfn.XLOOKUP(A8,销售取值基础数据!I:I,销售取值基础数据!J:J,0,0,-1) -> 0 | N8: =_xlfn.XLOOKUP(A8,'销售计划（销售后）'!A:A,'销售计划（销售后）'!N:N) -> #NAME? | O8: 46144 | P8: {=IFERROR(INDEX(R8:GO8,Q8),"/")} -> 0 | Q8: =IF(O8-B8>0,O8-B8,"此时段未上架") -> 173 | R8: =SUMIFS(销售取值基础数据!J:J,销售取值基础数据!I:I,A8,销售取值基础数据!B:B,$R$4) -> 0 | S8: =IF($C8>S$4,SUMIFS(销售取值基础数据!$J:$J,销售取值基础数据!$I:$I,$A8,销售取值基础数据!$B:$B,S$4),"") -> 0 | T8: =IF($C8>T$4,SUMIFS(销售取值基础数据!$J:$J,销售取值基础数据!$I:$I,$A8,销售取值基础数据!$B:$B,T$4),"") -> 0 | U8: =IF($C8>U$4,SUMIFS(销售取值基础数据!$J:$J,销售取值基础数据!$I:$I,$A8,销售取值基础数据!$B:$B,U$4),"") -> 0 | V8: =IF($C8>V$4,SUMIFS(销售取值基础数据!$J:$J,销售取值基础数据!$I:$I,$A8,销售取值基础数据!$B:$B,V$4),"") -> 0 | W8: =IF($C8>W$4,SUMIFS(销售取值基础数据!$J:$J,销售取值基础数据!$I:$I,$A8,销售取值基础数据!$B:$B,W$4),"") -> 0 | X8: =IF($C8>X$4,SUMIFS(销售取值基础数据!$J:$J,销售取值基础数据!$I:$I,$A8,销售取值基础数据!$B:$B,X$4),"") -> 0 | Y8: =IF($C8>Y$4,SUMIFS(销售取值基础数据!$J:$J,销售取值基础数据!$I:$I,$A8,销售取值基础数据!$B:$B,Y$4),"") -> 0 | Z8: =IF($C8>Z$4,SUMIFS(销售取值基础数据!$J:$J,销售取值基础数据!$I:$I,$A8,销售取值基础数据!$B:$B,Z$4),"") -> 0 | ... GO8: =IF($C8>GO$4,SUMIFS(销售取值基础数据!$J:$J,销售取值基础数据!$I:$I,$A8,销售取值基础数据!$B:$B,GO$4),"") -> 0
C9: =TODAY()-B9+1 -> 46204 | D9: {=_xlfn.IFS(AND(TODAY()-B9<=30,TODAY()-B9>=0),"新品期",AND(TODAY()-B9>=31,TODAY()-B9<=120),"热销期",AND(TODAY()-B9>=121,TODAY()-B9<=180),"清货期",TODAY()-B9>180,"滞销")} -> 滞销 | E9: =L9-G9 -> 1000 | G9: =SUMIF(销售取值基础数据!I:I,A9,销售取值基础数据!J:J) -> 0 | H9: =G9/L9 -> 0 | J9: =SUMIFS(销售取值基础数据!J:J,销售取值基础数据!I:I,A9,销售取值基础数据!E:E,"可取") -> 0 | L9: 1000 | M9: =_xlfn.XLOOKUP(A9,销售取值基础数据!I:I,销售取值基础数据!J:J,0,0,-1) -> 0 | N9: =_xlfn.XLOOKUP(A9,'销售计划（销售后）'!A:A,'销售计划（销售后）'!N:N) -> #NAME? | O9: 46144 | P9: {=IFERROR(INDEX(R9:GO9,Q9),"/")} -> / | Q9: =IF(O9-B9>0,O9-B9,"此时段未上架") -> 46144 | R9: =SUMIFS(销售取值基础数据!J:J,销售取值基础数据!I:I,A9,销售取值基础数据!B:B,$R$4) -> 0 | S9: =IF($C9>S$4,SUMIFS(销售取值基础数据!$J:$J,销售取值基础数据!$I:$I,$A9,销售取值基础数据!$B:$B,S$4),"") -> 0 | T9: =IF($C9>T$4,SUMIFS(销售取值基础数据!$J:$J,销售取值基础数据!$I:$I,$A9,销售取值基础数据!$B:$B,T$4),"") -> 0 | U9: =IF($C9>U$4,SUMIFS(销售取值基础数据!$J:$J,销售取值基础数据!$I:$I,$A9,销售取值基础数据!$B:$B,U$4),"") -> 0 | V9: =IF($C9>V$4,SUMIFS(销售取值基础数据!$J:$J,销售取值基础数据!$I:$I,$A9,销售取值基础数据!$B:$B,V$4),"") -> 0 | W9: =IF($C9>W$4,SUMIFS(销售取值基础数据!$J:$J,销售取值基础数据!$I:$I,$A9,销售取值基础数据!$B:$B,W$4),"") -> 0 | X9: =IF($C9>X$4,SUMIFS(销售取值基础数据!$J:$J,销售取值基础数据!$I:$I,$A9,销售取值基础数据!$B:$B,X$4),"") -> 0 | Y9: =IF($C9>Y$4,SUMIFS(销售取值基础数据!$J:$J,销售取值基础数据!$I:$I,$A9,销售取值基础数据!$B:$B,Y$4),"") -> 0 | Z9: =IF($C9>Z$4,SUMIFS(销售取值基础数据!$J:$J,销售取值基础数据!$I:$I,$A9,销售取值基础数据!$B:$B,Z$4),"") -> 0 | ... GO9: =IF($C9>GO$4,SUMIFS(销售取值基础数据!$J:$J,销售取值基础数据!$I:$I,$A9,销售取值基础数据!$B:$B,GO$4),"") -> 0
C10: =TODAY()-B10 -> 46203 | E10: =L10-G10 -> 0 | H10: =G10/L10 -> #DIV/0! | J10: =SUMIFS(销售取值基础数据!J:J,销售取值基础数据!I:I,A10,销售取值基础数据!E:E,"可取") -> 0 | M10: =_xlfn.XLOOKUP(A10,销售取值基础数据!I:I,销售取值基础数据!J:J,0,0,-1) -> 0 | N10: =_xlfn.XLOOKUP(A10,'销售计划（销售后）'!A:A,'销售计划（销售后）'!N:N) -> #NAME? | O10: 46144 | P10: {=IFERROR(INDEX(R10:GO10,Q10),"/")} -> / | Q10: =IF(O10-B10>0,O10-B10,"此时段未上架") -> 46144 | R10: =SUMIFS(销售取值基础数据!J:J,销售取值基础数据!I:I,A10,销售取值基础数据!B:B,$R$4) -> 0 | S10: =IF($C10>S$4,SUMIFS(销售取值基础数据!$J:$J,销售取值基础数据!$I:$I,$A10,销售取值基础数据!$B:$B,S$4),"") -> 0 | T10: =IF($C10>T$4,SUMIFS(销售取值基础数据!$J:$J,销售取值基础数据!$I:$I,$A10,销售取值基础数据!$B:$B,T$4),"") -> 0 | U10: =IF($C10>U$4,SUMIFS(销售取值基础数据!$J:$J,销售取值基础数据!$I:$I,$A10,销售取值基础数据!$B:$B,U$4),"") -> 0 | V10: =IF($C10>V$4,SUMIFS(销售取值基础数据!$J:$J,销售取值基础数据!$I:$I,$A10,销售取值基础数据!$B:$B,V$4),"") -> 0 | W10: =IF($C10>W$4,SUMIFS(销售取值基础数据!$J:$J,销售取值基础数据!$I:$I,$A10,销售取值基础数据!$B:$B,W$4),"") -> 0 | X10: =IF($C10>X$4,SUMIFS(销售取值基础数据!$J:$J,销售取值基础数据!$I:$I,$A10,销售取值基础数据!$B:$B,X$4),"") -> 0 | Y10: =IF($C10>Y$4,SUMIFS(销售取值基础数据!$J:$J,销售取值基础数据!$I:$I,$A10,销售取值基础数据!$B:$B,Y$4),"") -> 0 | Z10: =IF($C10>Z$4,SUMIFS(销售取值基础数据!$J:$J,销售取值基础数据!$I:$I,$A10,销售取值基础数据!$B:$B,Z$4),"") -> 0 | ... GO10: =IF($C10>GO$4,SUMIFS(销售取值基础数据!$J:$J,销售取值基础数据!$I:$I,$A10,销售取值基础数据!$B:$B,GO$4),"") -> 0
C11: =TODAY()-B11 -> 46203 | E11: =L11-G11 -> 0 | H11: =G11/L11 -> #DIV/0! | J11: =SUMIFS(销售取值基础数据!J:J,销售取值基础数据!I:I,A11,销售取值基础数据!E:E,"可取") -> 0 | M11: =_xlfn.XLOOKUP(A11,销售取值基础数据!I:I,销售取值基础数据!J:J,0,0,-1) -> 0 | N11: =_xlfn.XLOOKUP(A11,'销售计划（销售后）'!A:A,'销售计划（销售后）'!N:N) -> #NAME? | O11: 46144 | P11: {=IFERROR(INDEX(R11:GO11,Q11),"/")} -> / | Q11: =IF(O11-B11>0,O11-B11,"此时段未上架") -> 46144 | R11: =SUMIFS(销售取值基础数据!J:J,销售取值基础数据!I:I,A11,销售取值基础数据!B:B,$R$4) -> 0 | S11: =IF($C11>S$4,SUMIFS(销售取值基础数据!$J:$J,销售取值基础数据!$I:$I,$A11,销售取值基础数据!$B:$B,S$4),"") -> 0 | T11: =IF($C11>T$4,SUMIFS(销售取值基础数据!$J:$J,销售取值基础数据!$I:$I,$A11,销售取值基础数据!$B:$B,T$4),"") -> 0 | U11: =IF($C11>U$4,SUMIFS(销售取值基础数据!$J:$J,销售取值基础数据!$I:$I,$A11,销售取值基础数据!$B:$B,U$4),"") -> 0 | V11: =IF($C11>V$4,SUMIFS(销售取值基础数据!$J:$J,销售取值基础数据!$I:$I,$A11,销售取值基础数据!$B:$B,V$4),"") -> 0 | W11: =IF($C11>W$4,SUMIFS(销售取值基础数据!$J:$J,销售取值基础数据!$I:$I,$A11,销售取值基础数据!$B:$B,W$4),"") -> 0 | X11: =IF($C11>X$4,SUMIFS(销售取值基础数据!$J:$J,销售取值基础数据!$I:$I,$A11,销售取值基础数据!$B:$B,X$4),"") -> 0 | Y11: =IF($C11>Y$4,SUMIFS(销售取值基础数据!$J:$J,销售取值基础数据!$I:$I,$A11,销售取值基础数据!$B:$B,Y$4),"") -> 0 | Z11: =IF($C11>Z$4,SUMIFS(销售取值基础数据!$J:$J,销售取值基础数据!$I:$I,$A11,销售取值基础数据!$B:$B,Z$4),"") -> 0 | ... GO11: =IF($C11>GO$4,SUMIFS(销售取值基础数据!$J:$J,销售取值基础数据!$I:$I,$A11,销售取值基础数据!$B:$B,GO$4),"") -> 0
C12: =TODAY()-B12 -> 46203 | E12: =L12-G12 -> 0 | H12: =G12/L12 -> #DIV/0! | J12: =SUMIFS(销售取值基础数据!J:J,销售取值基础数据!I:I,A12,销售取值基础数据!E:E,"可取") -> 0 | M12: =_xlfn.XLOOKUP(A12,销售取值基础数据!I:I,销售取值基础数据!J:J,0,0,-1) -> 0 | N12: =_xlfn.XLOOKUP(A12,'销售计划（销售后）'!A:A,'销售计划（销售后）'!N:N) -> #NAME? | O12: 46144 | P12: {=IFERROR(INDEX(R12:GO12,Q12),"/")} -> / | Q12: =IF(O12-B12>0,O12-B12,"此时段未上架") -> 46144 | R12: =SUMIFS(销售取值基础数据!J:J,销售取值基础数据!I:I,A12,销售取值基础数据!B:B,$R$4) -> 0 | S12: =IF($C12>S$4,SUMIFS(销售取值基础数据!$J:$J,销售取值基础数据!$I:$I,$A12,销售取值基础数据!$B:$B,S$4),"") -> 0 | T12: =IF($C12>T$4,SUMIFS(销售取值基础数据!$J:$J,销售取值基础数据!$I:$I,$A12,销售取值基础数据!$B:$B,T$4),"") -> 0 | U12: =IF($C12>U$4,SUMIFS(销售取值基础数据!$J:$J,销售取值基础数据!$I:$I,$A12,销售取值基础数据!$B:$B,U$4),"") -> 0 | V12: =IF($C12>V$4,SUMIFS(销售取值基础数据!$J:$J,销售取值基础数据!$I:$I,$A12,销售取值基础数据!$B:$B,V$4),"") -> 0 | W12: =IF($C12>W$4,SUMIFS(销售取值基础数据!$J:$J,销售取值基础数据!$I:$I,$A12,销售取值基础数据!$B:$B,W$4),"") -> 0 | X12: =IF($C12>X$4,SUMIFS(销售取值基础数据!$J:$J,销售取值基础数据!$I:$I,$A12,销售取值基础数据!$B:$B,X$4),"") -> 0 | Y12: =IF($C12>Y$4,SUMIFS(销售取值基础数据!$J:$J,销售取值基础数据!$I:$I,$A12,销售取值基础数据!$B:$B,Y$4),"") -> 0 | Z12: =IF($C12>Z$4,SUMIFS(销售取值基础数据!$J:$J,销售取值基础数据!$I:$I,$A12,销售取值基础数据!$B:$B,Z$4),"") -> 0 | ... GO12: =IF($C12>GO$4,SUMIFS(销售取值基础数据!$J:$J,销售取值基础数据!$I:$I,$A12,销售取值基础数据!$B:$B,GO$4),"") -> 0

Sheet 说明文档
A1: SKC | B1: 系列 | C1: 上架时间 | D1: 已上架天数 | E1: 销售周期标签 | F1: 在仓库存 | G1: 可提库存 | H1: 可售周期(天) | I1: 日销量 | J1: 系列日销 | K1: 累计销量 | L1: 金额 | M1: 达成比例 | N1: 昨日销售达成情况 | O1: 7天销售达成情况 | P1: 30天销售达成情况 | Q1: 订货数量 | R1: 昨日实际销售 | S1: 今日计划销售数量 | T1: 1天 | X1: 2天 | AB1: 30天 | AF1: 31天 | AJ1: 120天 | AN1: 121天 | AR1: 180天
A2: 多维表取值 | B2: 多维表取值 | C2: 多维表取值 | D2: 公式计算 | E2: 公式计算 | F2: 多维表取值 | G2: 多维表取值 | H2: 公式计算 | I2: 多维表取值 | J2: 多维表取值 | K2: 多维表取值 | L2: 多维表取值 | M2: 多维表取值 | N2: 多维表取值 | O2: 多维表取值 | P2: 多维表取值 | Q2: 多维表取值 | R2: 多维表取值 | S2: 公式计算 | T2: 公式计算 | U2: 公式计算 | V2: 公式计算 | W2: 公式计算 | X2: 公式计算 | Y2: 公式计算 | Z2: 公式计算 | AA2: 公式计算 | AB2: 公式计算 | AC2: 公式计算 | AD2: 公式计算 | AE2: 公式计算 | AF2: 公式计算 | AG2: 公式计算 | AH2: 公式计算 | AI2: 公式计算 | AJ2: 公式计算 | AK2: 公式计算 | AL2: 公式计算 | AM2: 公式计算 | AN2: 公式计算 | AO2: 公式计算 | AP2: 公式计算 | AQ2: 公式计算 | AR2: 公式计算 | AS2: 公式计算 | AT2: 公式计算 | AU2: 公式计算
A5: 多维表取值 | B5: SKC | C5: 系列 | D5: 上架时间 | E5: 在仓库存 | F5: 可提库存 | G5: 日销量 | H5: 系列日销 | I5: 累计销量 | J5: 金额 | K5: 达成比例 | L5: 昨日销售达成情况 | M5: 7天销售达成情况 | N5: 30天销售达成情况 | O5: 订货数量 | P5: 昨日实际销售
B6: =_xlfn.DISPIMG("ID_0345428C931A4ECE9CA0C8FB4F73DFE0",1) -> =DISPIMG("ID_0345428C931A4ECE9CA0C8FB4F73DFE0",1) | C6: =_xlfn.DISPIMG("ID_E0B7FBBAB7F048ABBB2A0849748D7832",1) -> =DISPIMG("ID_E0B7FBBAB7F048ABBB2A0849748D7832",1) | D6: =_xlfn.DISPIMG("ID_FA5C9E19B62549F9926A77E6B91FAEA0",1) -> =DISPIMG("ID_FA5C9E19B62549F9926A77E6B91FAEA0",1) | E6: =_xlfn.DISPIMG("ID_2BA37C806E5B4D649E84AEBBAEF69BD8",1) -> =DISPIMG("ID_2BA37C806E5B4D649E84AEBBAEF69BD8",1) | F6: =_xlfn.DISPIMG("ID_F9EB89464A3444299AE13998760C9812",1) -> =DISPIMG("ID_F9EB89464A3444299AE13998760C9812",1) | G6: =_xlfn.DISPIMG("ID_A3A86D35ED674B3FA5FB0FC50B20F811",1) -> =DISPIMG("ID_A3A86D35ED674B3FA5FB0FC50B20F811",1) | H6: =_xlfn.DISPIMG("ID_5130E987A77049C9A712C933BC521AC7",1) -> =DISPIMG("ID_5130E987A77049C9A712C933BC521AC7",1) | I6: =_xlfn.DISPIMG("ID_B5C0910CE9404A0EB0DA0CDF38895060",1) -> =DISPIMG("ID_B5C0910CE9404A0EB0DA0CDF38895060",1) | J6: =_xlfn.DISPIMG("ID_A326DF5CB3434348A2A9217168153F45",1) -> =DISPIMG("ID_A326DF5CB3434348A2A9217168153F45",1) | K6: / | L6: =_xlfn.DISPIMG("ID_EC9EFCA3D4F14391B27ADE8C7545D47A",1) -> =DISPIMG("ID_EC9EFCA3D4F14391B27ADE8C7545D47A",1) | M6: =_xlfn.DISPIMG("ID_EC9EFCA3D4F14391B27ADE8C7545D47A",1) -> =DISPIMG("ID_EC9EFCA3D4F14391B27ADE8C7545D47A",1) | N6: =_xlfn.DISPIMG("ID_EC9EFCA3D4F14391B27ADE8C7545D47A",1) -> =DISPIMG("ID_EC9EFCA3D4F14391B27ADE8C7545D47A",1) | O6: =_xlfn.DISPIMG("ID_4F9CED08BFFF42EF890DD01CB8DF974B",1) -> =DISPIMG("ID_4F9CED08BFFF42EF890DD01CB8DF974B",1) | P6: =_xlfn.DISPIMG("ID_EC9EFCA3D4F14391B27ADE8C7545D47A",1) -> =DISPIMG("ID_EC9EFCA3D4F14391B27ADE8C7545D47A",1)
B7: 多维表-基本信息-商品库-款号 | C7: 多维表-基本信息-商品库-系列 | D7: 多维表-基本信息-商品库-上架时间 | E7: 多维表-基本信息-SKU库存更新-总和 | F7: 多维表-基本信息-品牌方库存表-库存数量 | G7: 多维表-ERP数据对接-店铺SKU销量_01&02&03&04&05&06-韦德之道-销量、韦德日本站-销量、韦德西语站-销量、韦德德国站-销量（4个站销量的总和） 日销量=30天平均日销 已售天数小于30天的，按照实际已售天数计算 已售天数大于等于30天的，按照近30天计算 | H7: 多维表-基本信息-商品库-系列 用SKC匹配对应系列，再使用系列单条件求和日销量 | I7: 多维表-ERP数据对接-店铺SKU销量_01&02&03&04&05&06-韦德之道-销量、韦德日本站-销量、韦德西语站-销量、韦德德国站-销量（4个站销量的总和） | J7: 多维表-ERP数据对接-店铺SKU销量_01&02&03&04&05&06-韦德之道-金额、韦德日本站-金额、韦德西语站-金额、韦德德国站-金额（4个站金额的总和） | K7: 达成比例=累计销量/订货数量 判断SKC是否存在二级市场补货：①二级市场是否补货（是、否）②补货数量 | L7: 多维表-ERP数据对接-店铺SKU销量_01&02&03&04&05&06-韦德之道-销量、韦德日本站-销量、韦德西语站-销量、韦德德国站-销量（4个站昨日销量的总和）/销售计划（销售后）选项下的昨日销售计划 | M7: 多维表-ERP数据对接-店铺SKU销量_01&02&03&04&05&06-韦德之道-销量、韦德日本站-销量、韦德西语站-销量、韦德德国站-销量（4个站7天销量的总和）/销售计划（销售后）选项下的7天销售计划的总和 | N7: 多维表-ERP数据对接-店铺SKU销量_01&02&03&04&05&06-韦德之道-销量、韦德日本站-销量、韦德西语站-销量、韦德德国站-销量（4个站30天销量的总和）/销售计划（销售后）选项下的30天销售计划的总和 | O7: 多维表-品牌订货&提货-品牌订货到货情况表-订货数量 | P7: 多维表-ERP数据对接-店铺SKU销量_01&02&03&04&05&06-韦德之道-销量、韦德日本站-销量、韦德西语站-销量、韦德德国站-销量（4个站昨日销量的总和）
A10: 公式计算 | B10: 已上架天数 | C10: 销售周期标签 | D10: 可售周期(天) | E10: 今日计划销售数量 | F10: 1天 | J10: 2天 | N10: 30天 | R10: 31天 | V10: 120天 | Z10: 121天 | AD10: 180天
B11: =_xlfn.DISPIMG("ID_0ACE3DC86B4745889EF69CC64AA4B03B",1) -> =DISPIMG("ID_0ACE3DC86B4745889EF69CC64AA4B03B",1) | C11: =_xlfn.DISPIMG("ID_7D6C281C2CFC4DB1BC65552BAD993FE2",1) -> =DISPIMG("ID_7D6C281C2CFC4DB1BC65552BAD993FE2",1) | D11: =_xlfn.DISPIMG("ID_BA11A246A3294EEC8B40F91679D02233",1) -> =DISPIMG("ID_BA11A246A3294EEC8B40F91679D02233",1) | E11: =_xlfn.DISPIMG("ID_A9A89D57B469436D98A7583DE51BF64A",1) -> =DISPIMG("ID_A9A89D57B469436D98A7583DE51BF64A",1) | F11: =_xlfn.DISPIMG("ID_67C646F8A7DB407D9A4A5214C53C3B87",1) -> =DISPIMG("ID_67C646F8A7DB407D9A4A5214C53C3B87",1) | G11: =_xlfn.DISPIMG("ID_0245A576731143628CFAC64603DABC2E",1) -> =DISPIMG("ID_0245A576731143628CFAC64603DABC2E",1) | H11: =_xlfn.DISPIMG("ID_4E8B43409FF0440BBC2A849CA2842774",1) -> =DISPIMG("ID_4E8B43409FF0440BBC2A849CA2842774",1) | I11: =_xlfn.DISPIMG("ID_C4EDE2EA149642DD90DBCBD725CFE3AD",1) -> =DISPIMG("ID_C4EDE2EA149642DD90DBCBD725CFE3AD",1) | J11: =_xlfn.DISPIMG("ID_80C0A2294F0549DE9D6CE6AF079873D2",1) -> =DISPIMG("ID_80C0A2294F0549DE9D6CE6AF079873D2",1) | K11: =_xlfn.DISPIMG("ID_D046EEE3586246CFAFF0B53C5C75D7BC",1) -> =DISPIMG("ID_D046EEE3586246CFAFF0B53C5C75D7BC",1) | L11: =_xlfn.DISPIMG("ID_865F0A18EDF6476EB0195752AFBE8B51",1) -> =DISPIMG("ID_865F0A18EDF6476EB0195752AFBE8B51",1) | M11: =_xlfn.DISPIMG("ID_E9B76A73AA3E480F9D15A6CBDF773BC9",1) -> =DISPIMG("ID_E9B76A73AA3E480F9D15A6CBDF773BC9",1) | N11: =_xlfn.DISPIMG("ID_2FF9DAB369DD415BA36048C0B97CD3AE",1) -> =DISPIMG("ID_2FF9DAB369DD415BA36048C0B97CD3AE",1) | O11: =_xlfn.DISPIMG("ID_310FF1C72A0844F8AF0FABBC9C9F06E2",1) -> =DISPIMG("ID_310FF1C72A0844F8AF0FABBC9C9F06E2",1) | P11: =_xlfn.DISPIMG("ID_CFF877637BE84D8F905DDBB41DB39536",1) -> =DISPIMG("ID_CFF877637BE84D8F905DDBB41DB39536",1) | Q11: =_xlfn.DISPIMG("ID_2D6DED501D1644F9B443F07FA5A3E85E",1) -> =DISPIMG("ID_2D6DED501D1644F9B443F07FA5A3E85E",1) | R11: =_xlfn.DISPIMG("ID_9BC49509D5A9477299BF4E7B7DC84AC1",1) -> =DISPIMG("ID_9BC49509D5A9477299BF4E7B7DC84AC1",1) | S11: =_xlfn.DISPIMG("ID_4AE2B971AB54426889F10D9EB03458B7",1) -> =DISPIMG("ID_4AE2B971AB54426889F10D9EB03458B7",1) | T11: =_xlfn.DISPIMG("ID_8296FF4B11E3412380A5D37488E11F99",1) -> =DISPIMG("ID_8296FF4B11E3412380A5D37488E11F99",1) | U11: =_xlfn.DISPIMG("ID_E736491522214798A0BFAB7F6602F961",1) -> =DISPIMG("ID_E736491522214798A0BFAB7F6602F961",1) | V11: =_xlfn.DISPIMG("ID_F2F07B0CB7F1447D98F622C9179D2AAD",1) -> =DISPIMG("ID_F2F07B0CB7F1447D98F622C9179D2AAD",1) | W11: =_xlfn.DISPIMG("ID_24B49FDC5269430799CE506A0AE9F997",1) -> =DISPIMG("ID_24B49FDC5269430799CE506A0AE9F997",1) | X11: =_xlfn.DISPIMG("ID_8081C454ACCA4F6D98A96D46618E7C7F",1) -> =DISPIMG("ID_8081C454ACCA4F6D98A96D46618E7C7F",1) | Y11: =_xlfn.DISPIMG("ID_F4851D5103E641E8B3BCA50FBF452644",1) -> =DISPIMG("ID_F4851D5103E641E8B3BCA50FBF452644",1) | Z11: =_xlfn.DISPIMG("ID_6AD28F2A89E340B88C47EA362505A497",1) -> =DISPIMG("ID_6AD28F2A89E340B88C47EA362505A497",1) | AA11: =_xlfn.DISPIMG("ID_C535AC9BC6B2415E8AFB731F177A80CB",1) -> =DISPIMG("ID_C535AC9BC6B2415E8AFB731F177A80CB",1) | AB11: =_xlfn.DISPIMG("ID_8D51D93EFACA4CB1BDF7750C79680ABE",1) -> =DISPIMG("ID_8D51D93EFACA4CB1BDF7750C79680ABE",1) | AC11: =_xlfn.DISPIMG("ID_FC39189B555D4643AFC9D2CC25CFC2E3",1) -> =DISPIMG("ID_FC39189B555D4643AFC9D2CC25CFC2E3",1) | AD11: =_xlfn.DISPIMG("ID_A144E430E7364B089F5BC9D5D989BAEA",1) -> =DISPIMG("ID_A144E430E7364B089F5BC9D5D989BAEA",1) | AE11: =_xlfn.DISPIMG("ID_58C767CA3BD84FF1820F52C56FA96738",1) -> =DISPIMG("ID_58C767CA3BD84FF1820F52C56FA96738",1) | AF11: =_xlfn.DISPIMG("ID_91878CAB0EC54215A06DC5305C8A6B2C",1) -> =DISPIMG("ID_91878CAB0EC54215A06DC5305C8A6B2C",1) | AG11: =_xlfn.DISPIMG("ID_86DEEF6F25FC46A18DBFB8B1DA35AC76",1) -> =DISPIMG("ID_86DEEF6F25FC46A18DBFB8B1DA35AC76",1)
B12: 公式：today（）-上架日期+1 上架日期当天为销售第一天 | C12: 180天为销售周期，把180天分为三个销售周期。分别为：新品期（1-30天）、热销期（31-120天）、清货期（121-180天） | D12: 可售周期=库存/近30天平均日销 如果此商品销售时间不足30天，那么就除以已上架天数-1天（因今日销量次日才更新，故需-1天） | E12: 项目为销售计划（销售后）选项下，获取今日计划销售数量 | F12: ①项目=销售计划（销售前），等于：订货数量*80%/180 | G12: ②项目=销售计划（销售后），等于：订货数量*80%/180 | H12: ③项目=实际销售,匹配上架第1天的销量 | I12: ④项目=达成情况，等于：实际销售/销售计划（销售后） | J12: ①项目=销售计划（销售前），等于：订货数量*80%/180 | K12: ②项目=销售计划（销售后），等于：(订货数量-第一天销售数量）*80%/（180-1） | L12: ③项目=实际销售,匹配上架第2天的销量,如果上架时间不足2天，则为"空" | M12: ④项目=达成情况，等于：实际销售/销售计划（销售后） | N12: ①项目=销售计划（销售前），等于：订货数量*80%/180 | O12: ②项目=销售计划（销售后），等于：（订货数量-前29天销售数量的总和）*80%/（180-29） | P12: ③项目=实际销售,匹配上架第30天的销量，如果上架时间不足30天，则为"空" | Q12: ④项目=达成情况，等于：实际销售/销售计划（销售后） | R12: ①项目=销售计划（销售前），等于：订货数量*110%/180 | S12: ②项目=销售计划（销售后），等于：（订货数量-前30天销售数量的总和）*110%/（180-30） | T12: ③项目=实际销售,匹配上架第31天的销量，如果上架时间不足31天，则为"空" | U12: ④项目=达成情况，等于：实际销售/销售计划（销售后） | V12: ①项目=销售计划（销售前），等于：订货数量*110%/180 | W12: ②项目=销售计划（销售后），等于：（订货数量-前119天销售数量的总和）*110%/（180-119） | X12: ③项目=实际销售,匹配上架第120天的销量，如果上架时间不足120天，则为"空" | Y12: ④项目=达成情况，等于：实际销售/销售计划（销售后） | Z12: ①项目=销售计划（销售前），等于：订货数量*100%/180 | AA12: ②项目=销售计划（销售后），等于：（订货数量-前120天销售数量的总和）*100%/（180-120） | AB12: ③项目=实际销售,匹配上架第121天的销量，如果上架时间不足121天，则为"空" | AC12: ④项目=达成情况，等于：实际销售/销售计划（销售后） | AD12: ①项目=销售计划（销售前），等于：订货数量*100%/180 | AE12: ②项目=销售计划（销售后），等于：（订货数量-前179天销售数量的总和）*100%/（180-179） | AF12: ③项目=实际销售,匹配上架第180天的销量，如果上架时间不足180天，则为"空" | AG12: ④项目=达成情况，等于：实际销售/销售计划（销售后）
A15: 销售计划（销售前）此项计算逻辑： 根据设定销售周期标签比例计算 新品期（1-30天）：订货数量的80%；订货数量*80%/180 热销期（31-120天）：订货数量的110%；订货数量*110%/180 清货期（121-180天）：订货数量的100%；订货数量*100%/180 销售计划（销售后）此项计算逻辑：当有了第一天销售后，根据第一天实际销售计算第2天-180天的计划销售数量 需注意，因今日不会更新次日的销量，故已售天数=已上架天数-1 新品期（1天）：订货数量*80%/180 新品期（2-30天）：（订货数量-已售天数实际销量的总和）*80%/（180-已售天数） 例：订货数量为1000双，已上架天数5天，前4天实际销售总和为50双，计算第5天、第6天、第7天……销售计划 第5天销售计划：（1000-50）*80%/（180-4） 第6天销售计划：（1000-50-第5天销售计划）*80%/（180-5） 第7天销售计划：（1000-50-第5天销售计划-第6天销售计划）*80%/（180-6） …… 热销期（31-120天）：（订货数量-已售天数实际销量的总和）*110%/（180-已售天数） 例：订货数量为1000双，已上架天数31天，前30天实际销售总和为200双，计算第31天、第32天、第33天……销售计划 第31天销售计划：（1000-200）*110%/（180-30） 第32天销售计划：（1000-200-第31天销售计划）*110%/（180-31） 第33天销售计划：（1000-200-第31天销售计划-第32天销售计划）*110%/（180-32） …… 清货期（121-180天）：（订货数量-已售天数实际销量的总和）*100%/（180-已售天数） 例：订货数量为1000双，已上架天数121天，前120天实际销售总和为800双，计算第121天、第122天、第123天……销售计划 第121天销售计划：（1000-800）*100%/（180-120） 第122天销售计划：（1000-800-第121天销售计划）*100%/（180-121） 第123天销售计划：（1000-800-第121天销售计划-第122天销售计划）*100%/（180-122） …… 实际销售此项需匹配多维表各SKC对应各销售天数的销量 SUMIFS(求和区域，区域1，条件1，区域2，条件2) SUMIFS(销量，销售表SKC列，SKC,销售表已上架天数列，上架天数(1-180)) 达成情况此项计算逻辑:实际销售/销售计划（销售后）=达成情况（%） 例：订货数量为1000双，第1天实际销量5双，第2天实际销量10双，计算第1天、第2天达成情况 第1天达成情况：5/（1000*80%/180) 第2天达成情况：10/（（1000-5）*80%/（180-1)）

Sheet 示例1
A1: 项目
A2: 销售计划（销售后）
O3: 0-30天新品期 | AS3: 31-120天热销期 | EE3: 121-180天清货期
A4: SKC | B4: 上架时间 | C4: 已上架天数 | D4: 销售周期标签 | E4: 库存 | F4: 可售周期(天) | G4: 累计销量 | H4: 达成比例 | I4: 昨日销售达成情况 | J4: 7天销售达成情况 | K4: 30天销售达成情况 | L4: 订货数量 | M4: 昨日实际销售 | N4: 今日计划销售数量 | O4: 1 | P4: 2 | Q4: 3 | R4: 4 | S4: 5 | T4: 6 | U4: 7 | V4: 8 | W4: 9 | X4: 10 | Y4: 11 | Z4: 12 | AA4: 13 | AB4: 14 | AC4: 15 | AD4: 16 | AE4: 17 | AF4: 18 | AG4: 19 | AH4: 20 | AI4: 21 | AJ4: 22 | AK4: 23 | AL4: 24 | AM4: 25 | AN4: 26 | AO4: 27 | AP4: 28 | AQ4: 29 | AR4: 30 | AS4: 31 | AT4: 32 | AU4: 33 | AV4: 34 | AW4: 35 | AX4: 36 | AY4: 37 | AZ4: 38 | BA4: 39 | BB4: 40 | BC4: 41 | BD4: 42 | BE4: 43 | BF4: 44 | BG4: 45 | BH4: 46 | BI4: 47 | BJ4: 48 | BK4: 49 | BL4: 50 | BM4: 51 | BN4: 52 | BO4: 53 | BP4: 54 | BQ4: 55 | BR4: 56 | BS4: 57 | BT4: 58 | BU4: 59 | BV4: 60 | BW4: 61 | BX4: 62 | BY4: 63 | BZ4: 64 | CA4: 65 | CB4: 66 | CC4: 67 | CD4: 68 | CE4: 69 | CF4: 70 | CG4: 71 | CH4: 72 | CI4: 73 | CJ4: 74 | CK4: 75 | CL4: 76 | CM4: 77 | CN4: 78 | CO4: 79 | CP4: 80 | CQ4: 81 | CR4: 82 | CS4: 83 | CT4: 84 | CU4: 85 | CV4: 86 | CW4: 87 | CX4: 88 | CY4: 89 | CZ4: 90 | DA4: 91 | DB4: 92 | DC4: 93 | DD4: 94 | DE4: 95 | DF4: 96 | DG4: 97 | DH4: 98 | DI4: 99 | DJ4: 100 | DK4: 101 | DL4: 102 | DM4: 103 | DN4: 104 | DO4: 105 | DP4: 106 | DQ4: 107 | DR4: 108 | DS4: 109 | DT4: 110 | DU4: 111 | DV4: 112 | DW4: 113 | DX4: 114 | DY4: 115 | DZ4: 116 | EA4: 117 | EB4: 118 | EC4: 119 | ED4: 120 | EE4: 121 | EF4: 122 | EG4: 123 | EH4: 124 | EI4: 125 | EJ4: 126 | EK4: 127 | EL4: 128 | EM4: 129 | EN4: 130 | EO4: 131 | EP4: 132 | EQ4: 133 | ER4: 134 | ES4: 135 | ET4: 136 | EU4: 137 | EV4: 138 | EW4: 139 | EX4: 140 | EY4: 141 | EZ4: 142 | FA4: 143 | FB4: 144 | FC4: 145 | FD4: 146 | FE4: 147 | FF4: 148 | FG4: 149 | FH4: 150 | FI4: 151 | FJ4: 152 | FK4: 153 | FL4: 154 | FM4: 155 | FN4: 156 | FO4: 157 | FP4: 158 | FQ4: 159 | FR4: 160 | FS4: 161 | FT4: 162 | FU4: 163 | FV4: 164 | FW4: 165 | FX4: 166 | FY4: 167 | FZ4: 168 | GA4: 169 | GB4: 170 | GC4: 171 | GD4: 172 | GE4: 173 | GF4: 174 | GG4: 175 | GH4: 176 | GI4: 177 | GJ4: 178 | GK4: 179 | GL4: 180
A5: ABCW011-1 | B5: 46062 | C5: =TODAY()-B5+1 -> 142 | D5: {=_xlfn.IFS(AND(TODAY()-B5+1<=30,TODAY()-B5+1>=0),"新品期",AND(TODAY()-B5+1>=31,TODAY()-B5+1<=120),"热销期",AND(TODAY()-B5+1>=121,TODAY()-B5+1<=180),"清货期",TODAY()-B5+1>180,"滞销")} -> 清货期 | E5: 3517 | F5: =E5/(SUMIFS(销售取值基础数据!J:J,销售取值基础数据!I:I,A5,销售取值基础数据!F:F,"可取")/IF(C5>30,"30",C5-1)) -> 509.71014 | G5: =SUMIF(销售取值基础数据!I:I,A5,销售取值基础数据!J:J) -> 1483 | H5: =G5/L5 -> 0.2966 | I5: =M5/'销售计划（销售前）'!M5 -> #NAME? | J5: =SUMIFS(销售取值基础数据!J:J,销售取值基础数据!I:I,A5,销售取值基础数据!E:E,"可取")/SUM(INDEX('销售计划（销售前）'!R5:GO5,C5-1):INDEX('销售计划（销售前）'!R5:GO5,C5-7)) -> 0 | K5: =SUMIFS(销售取值基础数据!J:J,销售取值基础数据!I:I,A5,销售取值基础数据!F:F,"可取")/SUM(INDEX('销售计划（销售前）'!R5:GO5,C5-1):INDEX('销售计划（销售前）'!R5:GO5,C5-30)) -> 0.24116505 | L5: 5000 | M5: =_xlfn.XLOOKUP(A5,销售取值基础数据!I:I,销售取值基础数据!J:J,0,0,-1) -> #NAME? | N5: {=IF($A$2="销售计划（销售后）",IF(C5>180,"0",INDEX(O5:GL5,C5)),"")} -> 74.829787 | O5: {=_xlfn.IFS($A$2="销售计划（销售后）",$L5*80%/180,$A$2="销售计划（销售前）",$L5*80%/180,$A$2="达成情况",IF(O$4>=$C5,"实际销售数量未更新",SUMIFS(销售取值基础数据!J:J,销售取值基础数据!I:I,A5,销售取值基础数据!B:B,$O$4)/($L5*80%/180)),$A$2="实际销售",SUMIFS(销售取值基础数据!J:J,销售取值基础数据!I:I,A5,销售取值基础数据!B:B,$O$4))} -> 22.222222 | P5: {=_xlfn.IFS($A$2="销售计划（销售后）",_xlfn.IFS(P$4<$C5,($L5-SUMIFS(销售取值基础数据!$J:$J,销售取值基础数据!$I:$I,$A5,销售取值基础数据!$B:$B,"<="&O$4))*80%/(180-O$4),P$4>=$C5,($L5-SUM(辅助表!$P5:P5))*80%/(180-O$4)),$A$2="销售计划（销售前）",$L5*80%/180,$A$2="达成情况",IF(P$4>=$C5,"实际销售数量未更新",IF($C5>P$4,SUMIFS(销售取值基础数据!$J:$J,销售取值基础数据!$I:$I,$A5,销售取值基础数据!$B:$B,P$4),"")/(_xlfn.IFS(P$4<$C5,($L5-SUMIFS(销售取值基础数据!$J:$J,销售取值基础数据!$I:$I,$A5,销售取值基础数据!$B:$B,"<="&O$4))*80%/(180-O$4),P$4>=$C5,($L5-SUM(辅助表!$P5:P5))*80%/(180-O$4)))),$A$2="实际销售",IF($C5>P$4,SUMIFS(销售取值基础数据!$J:$J,销售取值基础数据!$I:$I,$A5,销售取值基础数据!$B:$B,P$4),""))} -> 22.27933 | Q5: {=_xlfn.IFS($A$2="销售计划（销售后）",_xlfn.IFS(Q$4<$C5,($L5-SUMIFS(销售取值基础数据!$J:$J,销售取值基础数据!$I:$I,$A5,销售取值基础数据!$B:$B,"<="&P$4))*80%/(180-P$4),Q$4>=$C5,($L5-SUM(辅助表!$P5:Q5))*80%/(180-P$4)),$A$2="销售计划（销售前）",$L5*80%/180,$A$2="达成情况",IF(Q$4>=$C5,"实际销售数量未更新",IF($C5>Q$4,SUMIFS(销售取值基础数据!$J:$J,销售取值基础数据!$I:$I,$A5,销售取值基础数据!$B:$B,Q$4),"")/(_xlfn.IFS(Q$4<$C5,($L5-SUMIFS(销售取值基础数据!$J:$J,销售取值基础数据!$I:$I,$A5,销售取值基础数据!$B:$B,"<="&P$4))*80%/(180-P$4),Q$4>=$C5,($L5-SUM(辅助表!$P5:Q5))*80%/(180-P$4)))),$A$2="实际销售",IF($C5>Q$4,SUMIFS(销售取值基础数据!$J:$J,销售取值基础数据!$I:$I,$A5,销售取值基础数据!$B:$B,Q$4),""))} -> 22.332584 | R5: {=_xlfn.IFS($A$2="销售计划（销售后）",_xlfn.IFS(R$4<$C5,($L5-SUMIFS(销售取值基础数据!$J:$J,销售取值基础数据!$I:$I,$A5,销售取值基础数据!$B:$B,"<="&Q$4))*80%/(180-Q$4),R$4>=$C5,($L5-SUM(辅助表!$P5:R5))*80%/(180-Q$4)),$A$2="销售计划（销售前）",$L5*80%/180,$A$2="达成情况",IF(R$4>=$C5,"实际销售数量未更新",IF($C5>R$4,SUMIFS(销售取值基础数据!$J:$J,销售取值基础数据!$I:$I,$A5,销售取值基础数据!$B:$B,R$4),"")/(_xlfn.IFS(R$4<$C5,($L5-SUMIFS(销售取值基础数据!$J:$J,销售取值基础数据!$I:$I,$A5,销售取值基础数据!$B:$B,"<="&Q$4))*80%/(180-Q$4),R$4>=$C5,($L5-SUM(辅助表!$P5:R5))*80%/(180-Q$4)))),$A$2="实际销售",IF($C5>R$4,SUMIFS(销售取值基础数据!$J:$J,销售取值基础数据!$I:$I,$A5,销售取值基础数据!$B:$B,R$4),""))} -> 22.381921 | S5: {=_xlfn.IFS($A$2="销售计划（销售后）",_xlfn.IFS(S$4<$C5,($L5-SUMIFS(销售取值基础数据!$J:$J,销售取值基础数据!$I:$I,$A5,销售取值基础数据!$B:$B,"<="&R$4))*80%/(180-R$4),S$4>=$C5,($L5-SUM(辅助表!$P5:S5))*80%/(180-R$4)),$A$2="销售计划（销售前）",$L5*80%/180,$A$2="达成情况",IF(S$4>=$C5,"实际销售数量未更新",IF($C5>S$4,SUMIFS(销售取值基础数据!$J:$J,销售取值基础数据!$I:$I,$A5,销售取值基础数据!$B:$B,S$4),"")/(_xlfn.IFS(S$4<$C5,($L5-SUMIFS(销售取值基础数据!$J:$J,销售取值基础数据!$I:$I,$A5,销售取值基础数据!$B:$B,"<="&R$4))*80%/(180-R$4),S$4>=$C5,($L5-SUM(辅助表!$P5:S5))*80%/(180-R$4)))),$A$2="实际销售",IF($C5>S$4,SUMIFS(销售取值基础数据!$J:$J,销售取值基础数据!$I:$I,$A5,销售取值基础数据!$B:$B,S$4),""))} -> 22.477273 | T5: {=_xlfn.IFS($A$2="销售计划（销售后）",_xlfn.IFS(T$4<$C5,($L5-SUMIFS(销售取值基础数据!$J:$J,销售取值基础数据!$I:$I,$A5,销售取值基础数据!$B:$B,"<="&S$4))*80%/(180-S$4),T$4>=$C5,($L5-SUM(辅助表!$P5:T5))*80%/(180-S$4)),$A$2="销售计划（销售前）",$L5*80%/180,$A$2="达成情况",IF(T$4>=$C5,"实际销售数量未更新",IF($C5>T$4,SUMIFS(销售取值基础数据!$J:$J,销售取值基础数据!$I:$I,$A5,销售取值基础数据!$B:$B,T$4),"")/(_xlfn.IFS(T$4<$C5,($L5-SUMIFS(销售取值基础数据!$J:$J,销售取值基础数据!$I:$I,$A5,销售取值基础数据!$B:$B,"<="&S$4))*80%/(180-S$4),T$4>=$C5,($L5-SUM(辅助表!$P5:T5))*80%/(180-S$4)))),$A$2="实际销售",IF($C5>T$4,SUMIFS(销售取值基础数据!$J:$J,销售取值基础数据!$I:$I,$A5,销售取值基础数据!$B:$B,T$4),""))} -> 22.569143 | U5: {=_xlfn.IFS($A$2="销售计划（销售后）",_xlfn.IFS(U$4<$C5,($L5-SUMIFS(销售取值基础数据!$J:$J,销售取值基础数据!$I:$I,$A5,销售取值基础数据!$B:$B,"<="&T$4))*80%/(180-T$4),U$4>=$C5,($L5-SUM(辅助表!$P5:U5))*80%/(180-T$4)),$A$2="销售计划（销售前）",$L5*80%/180,$A$2="达成情况",IF(U$4>=$C5,"实际销售数量未更新",IF($C5>U$4,SUMIFS(销售取值基础数据!$J:$J,销售取值基础数据!$I:$I,$A5,销售取值基础数据!$B:$B,U$4),"")/(_xlfn.IFS(U$4<$C5,($L5-SUMIFS(销售取值基础数据!$J:$J,销售取值基础数据!$I:$I,$A5,销售取值基础数据!$B:$B,"<="&T$4))*80%/(180-T$4),U$4>=$C5,($L5-SUM(辅助表!$P5:U5))*80%/(180-T$4)))),$A$2="实际销售",IF($C5>U$4,SUMIFS(销售取值基础数据!$J:$J,销售取值基础数据!$I:$I,$A5,销售取值基础数据!$B:$B,U$4),""))} -> 22.657471 | V5: {=_xlfn.IFS($A$2="销售计划（销售后）",_xlfn.IFS(V$4<$C5,($L5-SUMIFS(销售取值基础数据!$J:$J,销售取值基础数据!$I:$I,$A5,销售取值基础数据!$B:$B,"<="&U$4))*80%/(180-U$4),V$4>=$C5,($L5-SUM(辅助表!$P5:V5))*80%/(180-U$4)),$A$2="销售计划（销售前）",$L5*80%/180,$A$2="达成情况",IF(V$4>=$C5,"实际销售数量未更新",IF($C5>V$4,SUMIFS(销售取值基础数据!$J:$J,销售取值基础数据!$I:$I,$A5,销售取值基础数据!$B:$B,V$4),"")/(_xlfn.IFS(V$4<$C5,($L5-SUMIFS(销售取值基础数据!$J:$J,销售取值基础数据!$I:$I,$A5,销售取值基础数据!$B:$B,"<="&U$4))*80%/(180-U$4),V$4>=$C5,($L5-SUM(辅助表!$P5:V5))*80%/(180-U$4)))),$A$2="实际销售",IF($C5>V$4,SUMIFS(销售取值基础数据!$J:$J,销售取值基础数据!$I:$I,$A5,销售取值基础数据!$B:$B,V$4),""))} -> 22.742197 | W5: {=_xlfn.IFS($A$2="销售计划（销售后）",_xlfn.IFS(W$4<$C5,($L5-SUMIFS(销售取值基础数据!$J:$J,销售取值基础数据!$I:$I,$A5,销售取值基础数据!$B:$B,"<="&V$4))*80%/(180-V$4),W$4>=$C5,($L5-SUM(辅助表!$P5:W5))*80%/(180-V$4)),$A$2="销售计划（销售前）",$L5*80%/180,$A$2="达成情况",IF(W$4>=$C5,"实际销售数量未更新",IF($C5>W$4,SUMIFS(销售取值基础数据!$J:$J,销售取值基础数据!$I:$I,$A5,销售取值基础数据!$B:$B,W$4),"")/(_xlfn.IFS(W$4<$C5,($L5-SUMIFS(销售取值基础数据!$J:$J,销售取值基础数据!$I:$I,$A5,销售取值基础数据!$B:$B,"<="&V$4))*80%/(180-V$4),W$4>=$C5,($L5-SUM(辅助表!$P5:W5))*80%/(180-V$4)))),$A$2="实际销售",IF($C5>W$4,SUMIFS(销售取值基础数据!$J:$J,销售取值基础数据!$I:$I,$A5,销售取值基础数据!$B:$B,W$4),""))} -> 22.804651 | ... AR5: {=_xlfn.IFS($A$2="销售计划（销售后）",_xlfn.IFS(AR$4<$C5,($L5-SUMIFS(销售取值基础数据!$J:$J,销售取值基础数据!$I:$I,$A5,销售取值基础数据!$B:$B,"<="&AQ$4))*80%/(180-AQ$4),AR$4>=$C5,($L5-SUM(辅助表!$P5:AR5))*80%/(180-AQ$4)),$A$2="销售计划（销售前）",$L5*80%/180,$A$2="达成情况",IF(AR$4>=$C5,"实际销售数量未更新",IF($C5>AR$4,SUMIFS(销售取值基础数据!$J:$J,销售取值基础数据!$I:$I,$A5,销售取值基础数据!$B:$B,AR$4),"")/(_xlfn.IFS(AR$4<$C5,($L5-SUMIFS(销售取值基础数据!$J:$J,销售取值基础数据!$I:$I,$A5,销售取值基础数据!$B:$B,"<="&AQ$4))*80%/(180-AQ$4),AR$4>=$C5,($L5-SUM(辅助表!$P5:AR5))*80%/(180-AQ$4)))),$A$2="实际销售",IF($C5>AR$4,SUMIFS(销售取值基础数据!$J:$J,销售取值基础数据!$I:$I,$A5,销售取值基础数据!$B:$B,AR$4),""))} -> 24.72053 | AS5: {=_xlfn.IFS($A$2="销售计划（销售后）",_xlfn.IFS(AS$4<$C5,($L5-SUMIFS(销售取值基础数据!$J:$J,销售取值基础数据!$I:$I,$A5,销售取值基础数据!$B:$B,"<="&AR$4))*110%/(180-AR$4),AS$4>=$C5,($L5-SUM(辅助表!$P5:AS5))*110%/(180-AR$4)),$A$2="销售计划（销售前）",$L5*110%/180,$A$2="达成情况",IF(AS$4>=$C5,"实际销售数量未更新",IF($C5>AS$4,SUMIFS(销售取值基础数据!$J:$J,销售取值基础数据!$I:$I,$A5,销售取值基础数据!$B:$B,AS$4),"")/_xlfn.IFS(AS$4<$C5,($L5-SUMIFS(销售取值基础数据!$J:$J,销售取值基础数据!$I:$I,$A5,销售取值基础数据!$B:$B,"<="&AR$4))*110%/(180-AR$4),AS$4>=$C5,($L5-SUM(辅助表!$P5:AS5))*110%/(180-AR$4))),$A$2="实际销售",IF($C5>AS$4,SUMIFS(销售取值基础数据!$J:$J,销售取值基础数据!$I:$I,$A5,销售取值基础数据!$B:$B,AS$4),""))} -> 34.107333 | AT5: {=_xlfn.IFS($A$2="销售计划（销售后）",_xlfn.IFS(AT$4<$C5,($L5-SUMIFS(销售取值基础数据!$J:$J,销售取值基础数据!$I:$I,$A5,销售取值基础数据!$B:$B,"<="&AS$4))*110%/(180-AS$4),AT$4>=$C5,($L5-SUM(辅助表!$P5:AT5))*110%/(180-AS$4)),$A$2="销售计划（销售前）",$L5*110%/180,$A$2="达成情况",IF(AT$4>=$C5,"实际销售数量未更新",IF($C5>AT$4,SUMIFS(销售取值基础数据!$J:$J,销售取值基础数据!$I:$I,$A5,销售取值基础数据!$B:$B,AT$4),"")/_xlfn.IFS(AT$4<$C5,($L5-SUMIFS(销售取值基础数据!$J:$J,销售取值基础数据!$I:$I,$A5,销售取值基础数据!$B:$B,"<="&AS$4))*110%/(180-AS$4),AT$4>=$C5,($L5-SUM(辅助表!$P5:AT5))*110%/(180-AS$4))),$A$2="实际销售",IF($C5>AT$4,SUMIFS(销售取值基础数据!$J:$J,销售取值基础数据!$I:$I,$A5,销售取值基础数据!$B:$B,AT$4),""))} -> 34.232886 | AU5: {=_xlfn.IFS($A$2="销售计划（销售后）",_xlfn.IFS(AU$4<$C5,($L5-SUMIFS(销售取值基础数据!$J:$J,销售取值基础数据!$I:$I,$A5,销售取值基础数据!$B:$B,"<="&AT$4))*110%/(180-AT$4),AU$4>=$C5,($L5-SUM(辅助表!$P5:AU5))*110%/(180-AT$4)),$A$2="销售计划（销售前）",$L5*110%/180,$A$2="达成情况",IF(AU$4>=$C5,"实际销售数量未更新",IF($C5>AU$4,SUMIFS(销售取值基础数据!$J:$J,销售取值基础数据!$I:$I,$A5,销售取值基础数据!$B:$B,AU$4),"")/_xlfn.IFS(AU$4<$C5,($L5-SUMIFS(销售取值基础数据!$J:$J,销售取值基础数据!$I:$I,$A5,销售取值基础数据!$B:$B,"<="&AT$4))*110%/(180-AT$4),AU$4>=$C5,($L5-SUM(辅助表!$P5:AU5))*110%/(180-AT$4))),$A$2="实际销售",IF($C5>AU$4,SUMIFS(销售取值基础数据!$J:$J,销售取值基础数据!$I:$I,$A5,销售取值基础数据!$B:$B,AU$4),""))} -> 34.367568 | AV5: {=_xlfn.IFS($A$2="销售计划（销售后）",_xlfn.IFS(AV$4<$C5,($L5-SUMIFS(销售取值基础数据!$J:$J,销售取值基础数据!$I:$I,$A5,销售取值基础数据!$B:$B,"<="&AU$4))*110%/(180-AU$4),AV$4>=$C5,($L5-SUM(辅助表!$P5:AV5))*110%/(180-AU$4)),$A$2="销售计划（销售前）",$L5*110%/180,$A$2="达成情况",IF(AV$4>=$C5,"实际销售数量未更新",IF($C5>AV$4,SUMIFS(销售取值基础数据!$J:$J,销售取值基础数据!$I:$I,$A5,销售取值基础数据!$B:$B,AV$4),"")/_xlfn.IFS(AV$4<$C5,($L5-SUMIFS(销售取值基础数据!$J:$J,销售取值基础数据!$I:$I,$A5,销售取值基础数据!$B:$B,"<="&AU$4))*110%/(180-AU$4),AV$4>=$C5,($L5-SUM(辅助表!$P5:AV5))*110%/(180-AU$4))),$A$2="实际销售",IF($C5>AV$4,SUMIFS(销售取值基础数据!$J:$J,销售取值基础数据!$I:$I,$A5,销售取值基础数据!$B:$B,AV$4),""))} -> 34.489116 | AW5: {=_xlfn.IFS($A$2="销售计划（销售后）",_xlfn.IFS(AW$4<$C5,($L5-SUMIFS(销售取值基础数据!$J:$J,销售取值基础数据!$I:$I,$A5,销售取值基础数据!$B:$B,"<="&AV$4))*110%/(180-AV$4),AW$4>=$C5,($L5-SUM(辅助表!$P5:AW5))*110%/(180-AV$4)),$A$2="销售计划（销售前）",$L5*110%/180,$A$2="达成情况",IF(AW$4>=$C5,"实际销售数量未更新",IF($C5>AW$4,SUMIFS(销售取值基础数据!$J:$J,销售取值基础数据!$I:$I,$A5,销售取值基础数据!$B:$B,AW$4),"")/_xlfn.IFS(AW$4<$C5,($L5-SUMIFS(销售取值基础数据!$J:$J,销售取值基础数据!$I:$I,$A5,销售取值基础数据!$B:$B,"<="&AV$4))*110%/(180-AV$4),AW$4>=$C5,($L5-SUM(辅助表!$P5:AW5))*110%/(180-AV$4))),$A$2="实际销售",IF($C5>AW$4,SUMIFS(销售取值基础数据!$J:$J,销售取值基础数据!$I:$I,$A5,销售取值基础数据!$B:$B,AW$4),""))} -> 34.65 | AX5: {=_xlfn.IFS($A$2="销售计划（销售后）",_xlfn.IFS(AX$4<$C5,($L5-SUMIFS(销售取值基础数据!$J:$J,销售取值基础数据!$I:$I,$A5,销售取值基础数据!$B:$B,"<="&AW$4))*110%/(180-AW$4),AX$4>=$C5,($L5-SUM(辅助表!$P5:AX5))*110%/(180-AW$4)),$A$2="销售计划（销售前）",$L5*110%/180,$A$2="达成情况",IF(AX$4>=$C5,"实际销售数量未更新",IF($C5>AX$4,SUMIFS(销售取值基础数据!$J:$J,销售取值基础数据!$I:$I,$A5,销售取值基础数据!$B:$B,AX$4),"")/_xlfn.IFS(AX$4<$C5,($L5-SUMIFS(销售取值基础数据!$J:$J,销售取值基础数据!$I:$I,$A5,销售取值基础数据!$B:$B,"<="&AW$4))*110%/(180-AW$4),AX$4>=$C5,($L5-SUM(辅助表!$P5:AX5))*110%/(180-AW$4))),$A$2="实际销售",IF($C5>AX$4,SUMIFS(销售取值基础数据!$J:$J,销售取值基础数据!$I:$I,$A5,销售取值基础数据!$B:$B,AX$4),""))} -> 34.805517 | AY5: {=_xlfn.IFS($A$2="销售计划（销售后）",_xlfn.IFS(AY$4<$C5,($L5-SUMIFS(销售取值基础数据!$J:$J,销售取值基础数据!$I:$I,$A5,销售取值基础数据!$B:$B,"<="&AX$4))*110%/(180-AX$4),AY$4>=$C5,($L5-SUM(辅助表!$P5:AY5))*110%/(180-AX$4)),$A$2="销售计划（销售前）",$L5*110%/180,$A$2="达成情况",IF(AY$4>=$C5,"实际销售数量未更新",IF($C5>AY$4,SUMIFS(销售取值基础数据!$J:$J,销售取值基础数据!$I:$I,$A5,销售取值基础数据!$B:$B,AY$4),"")/_xlfn.IFS(AY$4<$C5,($L5-SUMIFS(销售取值基础数据!$J:$J,销售取值基础数据!$I:$I,$A5,销售取值基础数据!$B:$B,"<="&AX$4))*110%/(180-AX$4),AY$4>=$C5,($L5-SUM(辅助表!$P5:AY5))*110%/(180-AX$4))),$A$2="实际销售",IF($C5>AY$4,SUMIFS(销售取值基础数据!$J:$J,销售取值基础数据!$I:$I,$A5,销售取值基础数据!$B:$B,AY$4),""))} -> 34.955556 | AZ5: {=_xlfn.IFS($A$2="销售计划（销售后）",_xlfn.IFS(AZ$4<$C5,($L5-SUMIFS(销售取值基础数据!$J:$J,销售取值基础数据!$I:$I,$A5,销售取值基础数据!$B:$B,"<="&AY$4))*110%/(180-AY$4),AZ$4>=$C5,($L5-SUM(辅助表!$P5:AZ5))*110%/(180-AY$4)),$A$2="销售计划（销售前）",$L5*110%/180,$A$2="达成情况",IF(AZ$4>=$C5,"实际销售数量未更新",IF($C5>AZ$4,SUMIFS(销售取值基础数据!$J:$J,销售取值基础数据!$I:$I,$A5,销售取值基础数据!$B:$B,AZ$4),"")/_xlfn.IFS(AZ$4<$C5,($L5-SUMIFS(销售取值基础数据!$J:$J,销售取值基础数据!$I:$I,$A5,销售取值基础数据!$B:$B,"<="&AY$4))*110%/(180-AY$4),AZ$4>=$C5,($L5-SUM(辅助表!$P5:AZ5))*110%/(180-AY$4))),$A$2="实际销售",IF($C5>AZ$4,SUMIFS(销售取值基础数据!$J:$J,销售取值基础数据!$I:$I,$A5,销售取值基础数据!$B:$B,AZ$4),""))} -> 35.130769 | ... ED5: {=_xlfn.IFS($A$2="销售计划（销售后）",_xlfn.IFS(ED$4<$C5,($L5-SUMIFS(销售取值基础数据!$J:$J,销售取值基础数据!$I:$I,$A5,销售取值基础数据!$B:$B,"<="&EC$4))*110%/(180-EC$4),ED$4>=$C5,($L5-SUM(辅助表!$P5:ED5))*110%/(180-EC$4)),$A$2="销售计划（销售前）",$L5*110%/180,$A$2="达成情况",IF(ED$4>=$C5,"实际销售数量未更新",IF($C5>ED$4,SUMIFS(销售取值基础数据!$J:$J,销售取值基础数据!$I:$I,$A5,销售取值基础数据!$B:$B,ED$4),"")/_xlfn.IFS(ED$4<$C5,($L5-SUMIFS(销售取值基础数据!$J:$J,销售取值基础数据!$I:$I,$A5,销售取值基础数据!$B:$B,"<="&EC$4))*110%/(180-EC$4),ED$4>=$C5,($L5-SUM(辅助表!$P5:ED5))*110%/(180-EC$4))),$A$2="实际销售",IF($C5>ED$4,SUMIFS(销售取值基础数据!$J:$J,销售取值基础数据!$I:$I,$A5,销售取值基础数据!$B:$B,ED$4),""))} -> 65.332787 | EE5: {=_xlfn.IFS($A$2="销售计划（销售后）",_xlfn.IFS(EE$4<$C5,($L5-SUMIFS(销售取值基础数据!$J:$J,销售取值基础数据!$I:$I,$A5,销售取值基础数据!$B:$B,"<="&ED$4))*100%/(180-ED$4),EE$4>=$C5,($L5-SUM(辅助表!$P5:EE5))*100%/(180-ED$4)),$A$2="销售计划（销售前）",$L5*100%/180,$A$2="达成情况",IF(EE$4>=$C5,"实际销售数量未更新",IF($C5>EE$4,SUMIFS(销售取值基础数据!$J:$J,销售取值基础数据!$I:$I,$A5,销售取值基础数据!$B:$B,EE$4),"")/(_xlfn.IFS(EE$4<$C5,($L5-SUMIFS(销售取值基础数据!$J:$J,销售取值基础数据!$I:$I,$A5,销售取值基础数据!$B:$B,"<="&ED$4))*100%/(180-ED$4),EE$4>=$C5,($L5-SUM(辅助表!$P5:EE5))*100%/(180-ED$4)))),$A$2="实际销售",IF($C5>EE$4,SUMIFS(销售取值基础数据!$J:$J,销售取值基础数据!$I:$I,$A5,销售取值基础数据!$B:$B,EE$4),""))} -> 60.216667 | EF5: {=_xlfn.IFS($A$2="销售计划（销售后）",_xlfn.IFS(EF$4<$C5,($L5-SUMIFS(销售取值基础数据!$J:$J,销售取值基础数据!$I:$I,$A5,销售取值基础数据!$B:$B,"<="&EE$4))*100%/(180-EE$4),EF$4>=$C5,($L5-SUM(辅助表!$P5:EF5))*100%/(180-EE$4)),$A$2="销售计划（销售前）",$L5*100%/180,$A$2="达成情况",IF(EF$4>=$C5,"实际销售数量未更新",IF($C5>EF$4,SUMIFS(销售取值基础数据!$J:$J,销售取值基础数据!$I:$I,$A5,销售取值基础数据!$B:$B,EF$4),"")/(_xlfn.IFS(EF$4<$C5,($L5-SUMIFS(销售取值基础数据!$J:$J,销售取值基础数据!$I:$I,$A5,销售取值基础数据!$B:$B,"<="&EE$4))*100%/(180-EE$4),EF$4>=$C5,($L5-SUM(辅助表!$P5:EF5))*100%/(180-EE$4)))),$A$2="实际销售",IF($C5>EF$4,SUMIFS(销售取值基础数据!$J:$J,销售取值基础数据!$I:$I,$A5,销售取值基础数据!$B:$B,EF$4),""))} -> 61.016949 | EG5: {=_xlfn.IFS($A$2="销售计划（销售后）",_xlfn.IFS(EG$4<$C5,($L5-SUMIFS(销售取值基础数据!$J:$J,销售取值基础数据!$I:$I,$A5,销售取值基础数据!$B:$B,"<="&EF$4))*100%/(180-EF$4),EG$4>=$C5,($L5-SUM(辅助表!$P5:EG5))*100%/(180-EF$4)),$A$2="销售计划（销售前）",$L5*100%/180,$A$2="达成情况",IF(EG$4>=$C5,"实际销售数量未更新",IF($C5>EG$4,SUMIFS(销售取值基础数据!$J:$J,销售取值基础数据!$I:$I,$A5,销售取值基础数据!$B:$B,EG$4),"")/(_xlfn.IFS(EG$4<$C5,($L5-SUMIFS(销售取值基础数据!$J:$J,销售取值基础数据!$I:$I,$A5,销售取值基础数据!$B:$B,"<="&EF$4))*100%/(180-EF$4),EG$4>=$C5,($L5-SUM(辅助表!$P5:EG5))*100%/(180-EF$4)))),$A$2="实际销售",IF($C5>EG$4,SUMIFS(销售取值基础数据!$J:$J,销售取值基础数据!$I:$I,$A5,销售取值基础数据!$B:$B,EG$4),""))} -> 61.931034 | EH5: {=_xlfn.IFS($A$2="销售计划（销售后）",_xlfn.IFS(EH$4<$C5,($L5-SUMIFS(销售取值基础数据!$J:$J,销售取值基础数据!$I:$I,$A5,销售取值基础数据!$B:$B,"<="&EG$4))*100%/(180-EG$4),EH$4>=$C5,($L5-SUM(辅助表!$P5:EH5))*100%/(180-EG$4)),$A$2="销售计划（销售前）",$L5*100%/180,$A$2="达成情况",IF(EH$4>=$C5,"实际销售数量未更新",IF($C5>EH$4,SUMIFS(销售取值基础数据!$J:$J,销售取值基础数据!$I:$I,$A5,销售取值基础数据!$B:$B,EH$4),"")/(_xlfn.IFS(EH$4<$C5,($L5-SUMIFS(销售取值基础数据!$J:$J,销售取值基础数据!$I:$I,$A5,销售取值基础数据!$B:$B,"<="&EG$4))*100%/(180-EG$4),EH$4>=$C5,($L5-SUM(辅助表!$P5:EH5))*100%/(180-EG$4)))),$A$2="实际销售",IF($C5>EH$4,SUMIFS(销售取值基础数据!$J:$J,销售取值基础数据!$I:$I,$A5,销售取值基础数据!$B:$B,EH$4),""))} -> 62.859649 | EI5: {=_xlfn.IFS($A$2="销售计划（销售后）",_xlfn.IFS(EI$4<$C5,($L5-SUMIFS(销售取值基础数据!$J:$J,销售取值基础数据!$I:$I,$A5,销售取值基础数据!$B:$B,"<="&EH$4))*100%/(180-EH$4),EI$4>=$C5,($L5-SUM(辅助表!$P5:EI5))*100%/(180-EH$4)),$A$2="销售计划（销售前）",$L5*100%/180,$A$2="达成情况",IF(EI$4>=$C5,"实际销售数量未更新",IF($C5>EI$4,SUMIFS(销售取值基础数据!$J:$J,销售取值基础数据!$I:$I,$A5,销售取值基础数据!$B:$B,EI$4),"")/(_xlfn.IFS(EI$4<$C5,($L5-SUMIFS(销售取值基础数据!$J:$J,销售取值基础数据!$I:$I,$A5,销售取值基础数据!$B:$B,"<="&EH$4))*100%/(180-EH$4),EI$4>=$C5,($L5-SUM(辅助表!$P5:EI5))*100%/(180-EH$4)))),$A$2="实际销售",IF($C5>EI$4,SUMIFS(销售取值基础数据!$J:$J,销售取值基础数据!$I:$I,$A5,销售取值基础数据!$B:$B,EI$4),""))} -> 63.75 | EJ5: {=_xlfn.IFS($A$2="销售计划（销售后）",_xlfn.IFS(EJ$4<$C5,($L5-SUMIFS(销售取值基础数据!$J:$J,销售取值基础数据!$I:$I,$A5,销售取值基础数据!$B:$B,"<="&EI$4))*100%/(180-EI$4),EJ$4>=$C5,($L5-SUM(辅助表!$P5:EJ5))*100%/(180-EI$4)),$A$2="销售计划（销售前）",$L5*100%/180,$A$2="达成情况",IF(EJ$4>=$C5,"实际销售数量未更新",IF($C5>EJ$4,SUMIFS(销售取值基础数据!$J:$J,销售取值基础数据!$I:$I,$A5,销售取值基础数据!$B:$B,EJ$4),"")/(_xlfn.IFS(EJ$4<$C5,($L5-SUMIFS(销售取值基础数据!$J:$J,销售取值基础数据!$I:$I,$A5,销售取值基础数据!$B:$B,"<="&EI$4))*100%/(180-EI$4),EJ$4>=$C5,($L5-SUM(辅助表!$P5:EJ5))*100%/(180-EI$4)))),$A$2="实际销售",IF($C5>EJ$4,SUMIFS(销售取值基础数据!$J:$J,销售取值基础数据!$I:$I,$A5,销售取值基础数据!$B:$B,EJ$4),""))} -> 64.781818 | EK5: {=_xlfn.IFS($A$2="销售计划（销售后）",_xlfn.IFS(EK$4<$C5,($L5-SUMIFS(销售取值基础数据!$J:$J,销售取值基础数据!$I:$I,$A5,销售取值基础数据!$B:$B,"<="&EJ$4))*100%/(180-EJ$4),EK$4>=$C5,($L5-SUM(辅助表!$P5:EK5))*100%/(180-EJ$4)),$A$2="销售计划（销售前）",$L5*100%/180,$A$2="达成情况",IF(EK$4>=$C5,"实际销售数量未更新",IF($C5>EK$4,SUMIFS(销售取值基础数据!$J:$J,销售取值基础数据!$I:$I,$A5,销售取值基础数据!$B:$B,EK$4),"")/(_xlfn.IFS(EK$4<$C5,($L5-SUMIFS(销售取值基础数据!$J:$J,销售取值基础数据!$I:$I,$A5,销售取值基础数据!$B:$B,"<="&EJ$4))*100%/(180-EJ$4),EK$4>=$C5,($L5-SUM(辅助表!$P5:EK5))*100%/(180-EJ$4)))),$A$2="实际销售",IF($C5>EK$4,SUMIFS(销售取值基础数据!$J:$J,销售取值基础数据!$I:$I,$A5,销售取值基础数据!$B:$B,EK$4),""))} -> 65.907407 | EL5: {=_xlfn.IFS($A$2="销售计划（销售后）",_xlfn.IFS(EL$4<$C5,($L5-SUMIFS(销售取值基础数据!$J:$J,销售取值基础数据!$I:$I,$A5,销售取值基础数据!$B:$B,"<="&EK$4))*100%/(180-EK$4),EL$4>=$C5,($L5-SUM(辅助表!$P5:EL5))*100%/(180-EK$4)),$A$2="销售计划（销售前）",$L5*100%/180,$A$2="达成情况",IF(EL$4>=$C5,"实际销售数量未更新",IF($C5>EL$4,SUMIFS(销售取值基础数据!$J:$J,销售取值基础数据!$I:$I,$A5,销售取值基础数据!$B:$B,EL$4),"")/(_xlfn.IFS(EL$4<$C5,($L5-SUMIFS(销售取值基础数据!$J:$J,销售取值基础数据!$I:$I,$A5,销售取值基础数据!$B:$B,"<="&EK$4))*100%/(180-EK$4),EL$4>=$C5,($L5-SUM(辅助表!$P5:EL5))*100%/(180-EK$4)))),$A$2="实际销售",IF($C5>EL$4,SUMIFS(销售取值基础数据!$J:$J,销售取值基础数据!$I:$I,$A5,销售取值基础数据!$B:$B,EL$4),""))} -> 67 | ... GL5: {=_xlfn.IFS($A$2="销售计划（销售后）",_xlfn.IFS(GL$4<$C5,($L5-SUMIFS(销售取值基础数据!$J:$J,销售取值基础数据!$I:$I,$A5,销售取值基础数据!$B:$B,"<="&GK$4))*100%/(180-GK$4),GL$4>=$C5,($L5-SUM(辅助表!$P5:GL5))*100%/(180-GK$4)),$A$2="销售计划（销售前）",$L5*100%/180,$A$2="达成情况",IF(GL$4>=$C5,"实际销售数量未更新",IF($C5>GL$4,SUMIFS(销售取值基础数据!$J:$J,销售取值基础数据!$I:$I,$A5,销售取值基础数据!$B:$B,GL$4),"")/(_xlfn.IFS(GL$4<$C5,($L5-SUMIFS(销售取值基础数据!$J:$J,销售取值基础数据!$I:$I,$A5,销售取值基础数据!$B:$B,"<="&GK$4))*100%/(180-GK$4),GL$4>=$C5,($L5-SUM(辅助表!$P5:GL5))*100%/(180-GK$4)))),$A$2="实际销售",IF($C5>GL$4,SUMIFS(销售取值基础数据!$J:$J,销售取值基础数据!$I:$I,$A5,销售取值基础数据!$B:$B,GL$4),""))} -> 74.829787
A6: ABAV085-3 | B6: 46134 | C6: =TODAY()-B6+1 -> 70 | D6: {=_xlfn.IFS(AND(TODAY()-B6+1<=30,TODAY()-B6+1>=0),"新品期",AND(TODAY()-B6+1>=31,TODAY()-B6+1<=120),"热销期",AND(TODAY()-B6+1>=121,TODAY()-B6+1<=180),"清货期",TODAY()-B6+1>180,"滞销")} -> 热销期 | E6: 2366 | F6: =E6/(SUMIFS(销售取值基础数据!J:J,销售取值基础数据!I:I,A6,销售取值基础数据!F:F,"可取")/IF(C6>30,"30",C6-1)) -> 365.87629 | G6: =SUMIF(销售取值基础数据!I:I,A6,销售取值基础数据!J:J) -> 634 | H6: =G6/L6 -> 0.21133333 | I6: =M6/'销售计划（销售前）'!M6 -> #NAME? | J6: =SUMIFS(销售取值基础数据!J:J,销售取值基础数据!I:I,A6,销售取值基础数据!E:E,"可取")/SUM(INDEX('销售计划（销售前）'!R6:GO6,C6-1):INDEX('销售计划（销售前）'!R6:GO6,C6-7)) -> 0 | K6: =SUMIFS(销售取值基础数据!J:J,销售取值基础数据!I:I,A6,销售取值基础数据!F:F,"可取")/SUM(INDEX('销售计划（销售前）'!R6:GO6,C6-1):INDEX('销售计划（销售前）'!R6:GO6,C6-30)) -> 0.35272727 | L6: 3000 | M6: =_xlfn.XLOOKUP(A6,销售取值基础数据!I:I,销售取值基础数据!J:J,0,0,-1) -> #NAME? | N6: {=IF($A$2="销售计划（销售后）",IF(C6>180,"0",INDEX(O6:GL6,C6)),"")} -> 21.718186 | O6: {=_xlfn.IFS($A$2="销售计划（销售后）",$L6*80%/180,$A$2="销售计划（销售前）",$L6*80%/180,$A$2="达成情况",IF(O$4>=$C6,"实际销售数量未更新",SUMIFS(销售取值基础数据!J:J,销售取值基础数据!I:I,A6,销售取值基础数据!B:B,$O$4)/($L6*80%/180)),$A$2="实际销售",SUMIFS(销售取值基础数据!J:J,销售取值基础数据!I:I,A6,销售取值基础数据!B:B,$O$4))} -> 13.333333 | P6: {=_xlfn.IFS($A$2="销售计划（销售后）",_xlfn.IFS(P$4<$C6,($L6-SUMIFS(销售取值基础数据!$J:$J,销售取值基础数据!$I:$I,$A6,销售取值基础数据!$B:$B,"<="&O$4))*80%/(180-O$4),P$4>=$C6,($L6-SUM(辅助表!$P6:P6))*80%/(180-O$4)),$A$2="销售计划（销售前）",$L6*80%/180,$A$2="达成情况",IF(P$4>=$C6,"实际销售数量未更新",IF($C6>P$4,SUMIFS(销售取值基础数据!$J:$J,销售取值基础数据!$I:$I,$A6,销售取值基础数据!$B:$B,P$4),"")/(_xlfn.IFS(P$4<$C6,($L6-SUMIFS(销售取值基础数据!$J:$J,销售取值基础数据!$I:$I,$A6,销售取值基础数据!$B:$B,"<="&O$4))*80%/(180-O$4),P$4>=$C6,($L6-SUM(辅助表!$P6:P6))*80%/(180-O$4)))),$A$2="实际销售",IF($C6>P$4,SUMIFS(销售取值基础数据!$J:$J,销售取值基础数据!$I:$I,$A6,销售取值基础数据!$B:$B,P$4),""))} -> 13.363128 | Q6: {=_xlfn.IFS($A$2="销售计划（销售后）",_xlfn.IFS(Q$4<$C6,($L6-SUMIFS(销售取值基础数据!$J:$J,销售取值基础数据!$I:$I,$A6,销售取值基础数据!$B:$B,"<="&P$4))*80%/(180-P$4),Q$4>=$C6,($L6-SUM(辅助表!$P6:Q6))*80%/(180-P$4)),$A$2="销售计划（销售前）",$L6*80%/180,$A$2="达成情况",IF(Q$4>=$C6,"实际销售数量未更新",IF($C6>Q$4,SUMIFS(销售取值基础数据!$J:$J,销售取值基础数据!$I:$I,$A6,销售取值基础数据!$B:$B,Q$4),"")/(_xlfn.IFS(Q$4<$C6,($L6-SUMIFS(销售取值基础数据!$J:$J,销售取值基础数据!$I:$I,$A6,销售取值基础数据!$B:$B,"<="&P$4))*80%/(180-P$4),Q$4>=$C6,($L6-SUM(辅助表!$P6:Q6))*80%/(180-P$4)))),$A$2="实际销售",IF($C6>Q$4,SUMIFS(销售取值基础数据!$J:$J,销售取值基础数据!$I:$I,$A6,销售取值基础数据!$B:$B,Q$4),""))} -> 13.370787 | R6: {=_xlfn.IFS($A$2="销售计划（销售后）",_xlfn.IFS(R$4<$C6,($L6-SUMIFS(销售取值基础数据!$J:$J,销售取值基础数据!$I:$I,$A6,销售取值基础数据!$B:$B,"<="&Q$4))*80%/(180-Q$4),R$4>=$C6,($L6-SUM(辅助表!$P6:R6))*80%/(180-Q$4)),$A$2="销售计划（销售前）",$L6*80%/180,$A$2="达成情况",IF(R$4>=$C6,"实际销售数量未更新",IF($C6>R$4,SUMIFS(销售取值基础数据!$J:$J,销售取值基础数据!$I:$I,$A6,销售取值基础数据!$B:$B,R$4),"")/(_xlfn.IFS(R$4<$C6,($L6-SUMIFS(销售取值基础数据!$J:$J,销售取值基础数据!$I:$I,$A6,销售取值基础数据!$B:$B,"<="&Q$4))*80%/(180-Q$4),R$4>=$C6,($L6-SUM(辅助表!$P6:R6))*80%/(180-Q$4)))),$A$2="实际销售",IF($C6>R$4,SUMIFS(销售取值基础数据!$J:$J,销售取值基础数据!$I:$I,$A6,销售取值基础数据!$B:$B,R$4),""))} -> 13.40113 | S6: {=_xlfn.IFS($A$2="销售计划（销售后）",_xlfn.IFS(S$4<$C6,($L6-SUMIFS(销售取值基础数据!$J:$J,销售取值基础数据!$I:$I,$A6,销售取值基础数据!$B:$B,"<="&R$4))*80%/(180-R$4),S$4>=$C6,($L6-SUM(辅助表!$P6:S6))*80%/(180-R$4)),$A$2="销售计划（销售前）",$L6*80%/180,$A$2="达成情况",IF(S$4>=$C6,"实际销售数量未更新",IF($C6>S$4,SUMIFS(销售取值基础数据!$J:$J,销售取值基础数据!$I:$I,$A6,销售取值基础数据!$B:$B,S$4),"")/(_xlfn.IFS(S$4<$C6,($L6-SUMIFS(销售取值基础数据!$J:$J,销售取值基础数据!$I:$I,$A6,销售取值基础数据!$B:$B,"<="&R$4))*80%/(180-R$4),S$4>=$C6,($L6-SUM(辅助表!$P6:S6))*80%/(180-R$4)))),$A$2="实际销售",IF($C6>S$4,SUMIFS(销售取值基础数据!$J:$J,销售取值基础数据!$I:$I,$A6,销售取值基础数据!$B:$B,S$4),""))} -> 13.427273 | T6: {=_xlfn.IFS($A$2="销售计划（销售后）",_xlfn.IFS(T$4<$C6,($L6-SUMIFS(销售取值基础数据!$J:$J,销售取值基础数据!$I:$I,$A6,销售取值基础数据!$B:$B,"<="&S$4))*80%/(180-S$4),T$4>=$C6,($L6-SUM(辅助表!$P6:T6))*80%/(180-S$4)),$A$2="销售计划（销售前）",$L6*80%/180,$A$2="达成情况",IF(T$4>=$C6,"实际销售数量未更新",IF($C6>T$4,SUMIFS(销售取值基础数据!$J:$J,销售取值基础数据!$I:$I,$A6,销售取值基础数据!$B:$B,T$4),"")/(_xlfn.IFS(T$4<$C6,($L6-SUMIFS(销售取值基础数据!$J:$J,销售取值基础数据!$I:$I,$A6,销售取值基础数据!$B:$B,"<="&S$4))*80%/(180-S$4),T$4>=$C6,($L6-SUM(辅助表!$P6:T6))*80%/(180-S$4)))),$A$2="实际销售",IF($C6>T$4,SUMIFS(销售取值基础数据!$J:$J,销售取值基础数据!$I:$I,$A6,销售取值基础数据!$B:$B,T$4),""))} -> 13.449143 | U6: {=_xlfn.IFS($A$2="销售计划（销售后）",_xlfn.IFS(U$4<$C6,($L6-SUMIFS(销售取值基础数据!$J:$J,销售取值基础数据!$I:$I,$A6,销售取值基础数据!$B:$B,"<="&T$4))*80%/(180-T$4),U$4>=$C6,($L6-SUM(辅助表!$P6:U6))*80%/(180-T$4)),$A$2="销售计划（销售前）",$L6*80%/180,$A$2="达成情况",IF(U$4>=$C6,"实际销售数量未更新",IF($C6>U$4,SUMIFS(销售取值基础数据!$J:$J,销售取值基础数据!$I:$I,$A6,销售取值基础数据!$B:$B,U$4),"")/(_xlfn.IFS(U$4<$C6,($L6-SUMIFS(销售取值基础数据!$J:$J,销售取值基础数据!$I:$I,$A6,销售取值基础数据!$B:$B,"<="&T$4))*80%/(180-T$4),U$4>=$C6,($L6-SUM(辅助表!$P6:U6))*80%/(180-T$4)))),$A$2="实际销售",IF($C6>U$4,SUMIFS(销售取值基础数据!$J:$J,销售取值基础数据!$I:$I,$A6,销售取值基础数据!$B:$B,U$4),""))} -> 13.466667 | V6: {=_xlfn.IFS($A$2="销售计划（销售后）",_xlfn.IFS(V$4<$C6,($L6-SUMIFS(销售取值基础数据!$J:$J,销售取值基础数据!$I:$I,$A6,销售取值基础数据!$B:$B,"<="&U$4))*80%/(180-U$4),V$4>=$C6,($L6-SUM(辅助表!$P6:V6))*80%/(180-U$4)),$A$2="销售计划（销售前）",$L6*80%/180,$A$2="达成情况",IF(V$4>=$C6,"实际销售数量未更新",IF($C6>V$4,SUMIFS(销售取值基础数据!$J:$J,销售取值基础数据!$I:$I,$A6,销售取值基础数据!$B:$B,V$4),"")/(_xlfn.IFS(V$4<$C6,($L6-SUMIFS(销售取值基础数据!$J:$J,销售取值基础数据!$I:$I,$A6,销售取值基础数据!$B:$B,"<="&U$4))*80%/(180-U$4),V$4>=$C6,($L6-SUM(辅助表!$P6:V6))*80%/(180-U$4)))),$A$2="实际销售",IF($C6>V$4,SUMIFS(销售取值基础数据!$J:$J,销售取值基础数据!$I:$I,$A6,销售取值基础数据!$B:$B,V$4),""))} -> 13.512139 | W6: {=_xlfn.IFS($A$2="销售计划（销售后）",_xlfn.IFS(W$4<$C6,($L6-SUMIFS(销售取值基础数据!$J:$J,销售取值基础数据!$I:$I,$A6,销售取值基础数据!$B:$B,"<="&V$4))*80%/(180-V$4),W$4>=$C6,($L6-SUM(辅助表!$P6:W6))*80%/(180-V$4)),$A$2="销售计划（销售前）",$L6*80%/180,$A$2="达成情况",IF(W$4>=$C6,"实际销售数量未更新",IF($C6>W$4,SUMIFS(销售取值基础数据!$J:$J,销售取值基础数据!$I:$I,$A6,销售取值基础数据!$B:$B,W$4),"")/(_xlfn.IFS(W$4<$C6,($L6-SUMIFS(销售取值基础数据!$J:$J,销售取值基础数据!$I:$I,$A6,销售取值基础数据!$B:$B,"<="&V$4))*80%/(180-V$4),W$4>=$C6,($L6-SUM(辅助表!$P6:W6))*80%/(180-V$4)))),$A$2="实际销售",IF($C6>W$4,SUMIFS(销售取值基础数据!$J:$J,销售取值基础数据!$I:$I,$A6,销售取值基础数据!$B:$B,W$4),""))} -> 13.553488 | ... AR6: {=_xlfn.IFS($A$2="销售计划（销售后）",_xlfn.IFS(AR$4<$C6,($L6-SUMIFS(销售取值基础数据!$J:$J,销售取值基础数据!$I:$I,$A6,销售取值基础数据!$B:$B,"<="&AQ$4))*80%/(180-AQ$4),AR$4>=$C6,($L6-SUM(辅助表!$P6:AR6))*80%/(180-AQ$4)),$A$2="销售计划（销售前）",$L6*80%/180,$A$2="达成情况",IF(AR$4>=$C6,"实际销售数量未更新",IF($C6>AR$4,SUMIFS(销售取值基础数据!$J:$J,销售取值基础数据!$I:$I,$A6,销售取值基础数据!$B:$B,AR$4),"")/(_xlfn.IFS(AR$4<$C6,($L6-SUMIFS(销售取值基础数据!$J:$J,销售取值基础数据!$I:$I,$A6,销售取值基础数据!$B:$B,"<="&AQ$4))*80%/(180-AQ$4),AR$4>=$C6,($L6-SUM(辅助表!$P6:AR6))*80%/(180-AQ$4)))),$A$2="实际销售",IF($C6>AR$4,SUMIFS(销售取值基础数据!$J:$J,销售取值基础数据!$I:$I,$A6,销售取值基础数据!$B:$B,AR$4),""))} -> 14.209272 | AS6: {=_xlfn.IFS($A$2="销售计划（销售后）",_xlfn.IFS(AS$4<$C6,($L6-SUMIFS(销售取值基础数据!$J:$J,销售取值基础数据!$I:$I,$A6,销售取值基础数据!$B:$B,"<="&AR$4))*110%/(180-AR$4),AS$4>=$C6,($L6-SUM(辅助表!$P6:AS6))*110%/(180-AR$4)),$A$2="销售计划（销售前）",$L6*110%/180,$A$2="达成情况",IF(AS$4>=$C6,"实际销售数量未更新",IF($C6>AS$4,SUMIFS(销售取值基础数据!$J:$J,销售取值基础数据!$I:$I,$A6,销售取值基础数据!$B:$B,AS$4),"")/_xlfn.IFS(AS$4<$C6,($L6-SUMIFS(销售取值基础数据!$J:$J,销售取值基础数据!$I:$I,$A6,销售取值基础数据!$B:$B,"<="&AR$4))*110%/(180-AR$4),AS$4>=$C6,($L6-SUM(辅助表!$P6:AS6))*110%/(180-AR$4))),$A$2="实际销售",IF($C6>AS$4,SUMIFS(销售取值基础数据!$J:$J,销售取值基础数据!$I:$I,$A6,销售取值基础数据!$B:$B,AS$4),""))} -> 19.572667 | AT6: {=_xlfn.IFS($A$2="销售计划（销售后）",_xlfn.IFS(AT$4<$C6,($L6-SUMIFS(销售取值基础数据!$J:$J,销售取值基础数据!$I:$I,$A6,销售取值基础数据!$B:$B,"<="&AS$4))*110%/(180-AS$4),AT$4>=$C6,($L6-SUM(辅助表!$P6:AT6))*110%/(180-AS$4)),$A$2="销售计划（销售前）",$L6*110%/180,$A$2="达成情况",IF(AT$4>=$C6,"实际销售数量未更新",IF($C6>AT$4,SUMIFS(销售取值基础数据!$J:$J,销售取值基础数据!$I:$I,$A6,销售取值基础数据!$B:$B,AT$4),"")/_xlfn.IFS(AT$4<$C6,($L6-SUMIFS(销售取值基础数据!$J:$J,销售取值基础数据!$I:$I,$A6,销售取值基础数据!$B:$B,"<="&AS$4))*110%/(180-AS$4),AT$4>=$C6,($L6-SUM(辅助表!$P6:AT6))*110%/(180-AS$4))),$A$2="实际销售",IF($C6>AT$4,SUMIFS(销售取值基础数据!$J:$J,销售取值基础数据!$I:$I,$A6,销售取值基础数据!$B:$B,AT$4),""))} -> 19.593289 | AU6: {=_xlfn.IFS($A$2="销售计划（销售后）",_xlfn.IFS(AU$4<$C6,($L6-SUMIFS(销售取值基础数据!$J:$J,销售取值基础数据!$I:$I,$A6,销售取值基础数据!$B:$B,"<="&AT$4))*110%/(180-AT$4),AU$4>=$C6,($L6-SUM(辅助表!$P6:AU6))*110%/(180-AT$4)),$A$2="销售计划（销售前）",$L6*110%/180,$A$2="达成情况",IF(AU$4>=$C6,"实际销售数量未更新",IF($C6>AU$4,SUMIFS(销售取值基础数据!$J:$J,销售取值基础数据!$I:$I,$A6,销售取值基础数据!$B:$B,AU$4),"")/_xlfn.IFS(AU$4<$C6,($L6-SUMIFS(销售取值基础数据!$J:$J,销售取值基础数据!$I:$I,$A6,销售取值基础数据!$B:$B,"<="&AT$4))*110%/(180-AT$4),AU$4>=$C6,($L6-SUM(辅助表!$P6:AU6))*110%/(180-AT$4))),$A$2="实际销售",IF($C6>AU$4,SUMIFS(销售取值基础数据!$J:$J,销售取值基础数据!$I:$I,$A6,销售取值基础数据!$B:$B,AU$4),""))} -> 19.651351 | AV6: {=_xlfn.IFS($A$2="销售计划（销售后）",_xlfn.IFS(AV$4<$C6,($L6-SUMIFS(销售取值基础数据!$J:$J,销售取值基础数据!$I:$I,$A6,销售取值基础数据!$B:$B,"<="&AU$4))*110%/(180-AU$4),AV$4>=$C6,($L6-SUM(辅助表!$P6:AV6))*110%/(180-AU$4)),$A$2="销售计划（销售前）",$L6*110%/180,$A$2="达成情况",IF(AV$4>=$C6,"实际销售数量未更新",IF($C6>AV$4,SUMIFS(销售取值基础数据!$J:$J,销售取值基础数据!$I:$I,$A6,销售取值基础数据!$B:$B,AV$4),"")/_xlfn.IFS(AV$4<$C6,($L6-SUMIFS(销售取值基础数据!$J:$J,销售取值基础数据!$I:$I,$A6,销售取值基础数据!$B:$B,"<="&AU$4))*110%/(180-AU$4),AV$4>=$C6,($L6-SUM(辅助表!$P6:AV6))*110%/(180-AU$4))),$A$2="实际销售",IF($C6>AV$4,SUMIFS(销售取值基础数据!$J:$J,销售取值基础数据!$I:$I,$A6,销售取值基础数据!$B:$B,AV$4),""))} -> 19.702721 | AW6: {=_xlfn.IFS($A$2="销售计划（销售后）",_xlfn.IFS(AW$4<$C6,($L6-SUMIFS(销售取值基础数据!$J:$J,销售取值基础数据!$I:$I,$A6,销售取值基础数据!$B:$B,"<="&AV$4))*110%/(180-AV$4),AW$4>=$C6,($L6-SUM(辅助表!$P6:AW6))*110%/(180-AV$4)),$A$2="销售计划（销售前）",$L6*110%/180,$A$2="达成情况",IF(AW$4>=$C6,"实际销售数量未更新",IF($C6>AW$4,SUMIFS(销售取值基础数据!$J:$J,销售取值基础数据!$I:$I,$A6,销售取值基础数据!$B:$B,AW$4),"")/_xlfn.IFS(AW$4<$C6,($L6-SUMIFS(销售取值基础数据!$J:$J,销售取值基础数据!$I:$I,$A6,销售取值基础数据!$B:$B,"<="&AV$4))*110%/(180-AV$4),AW$4>=$C6,($L6-SUM(辅助表!$P6:AW6))*110%/(180-AV$4))),$A$2="实际销售",IF($C6>AW$4,SUMIFS(销售取值基础数据!$J:$J,销售取值基础数据!$I:$I,$A6,销售取值基础数据!$B:$B,AW$4),""))} -> 19.74726 | AX6: {=_xlfn.IFS($A$2="销售计划（销售后）",_xlfn.IFS(AX$4<$C6,($L6-SUMIFS(销售取值基础数据!$J:$J,销售取值基础数据!$I:$I,$A6,销售取值基础数据!$B:$B,"<="&AW$4))*110%/(180-AW$4),AX$4>=$C6,($L6-SUM(辅助表!$P6:AX6))*110%/(180-AW$4)),$A$2="销售计划（销售前）",$L6*110%/180,$A$2="达成情况",IF(AX$4>=$C6,"实际销售数量未更新",IF($C6>AX$4,SUMIFS(销售取值基础数据!$J:$J,销售取值基础数据!$I:$I,$A6,销售取值基础数据!$B:$B,AX$4),"")/_xlfn.IFS(AX$4<$C6,($L6-SUMIFS(销售取值基础数据!$J:$J,销售取值基础数据!$I:$I,$A6,销售取值基础数据!$B:$B,"<="&AW$4))*110%/(180-AW$4),AX$4>=$C6,($L6-SUM(辅助表!$P6:AX6))*110%/(180-AW$4))),$A$2="实际销售",IF($C6>AX$4,SUMIFS(销售取值基础数据!$J:$J,销售取值基础数据!$I:$I,$A6,销售取值基础数据!$B:$B,AX$4),""))} -> 19.815172 | AY6: {=_xlfn.IFS($A$2="销售计划（销售后）",_xlfn.IFS(AY$4<$C6,($L6-SUMIFS(销售取值基础数据!$J:$J,销售取值基础数据!$I:$I,$A6,销售取值基础数据!$B:$B,"<="&AX$4))*110%/(180-AX$4),AY$4>=$C6,($L6-SUM(辅助表!$P6:AY6))*110%/(180-AX$4)),$A$2="销售计划（销售前）",$L6*110%/180,$A$2="达成情况",IF(AY$4>=$C6,"实际销售数量未更新",IF($C6>AY$4,SUMIFS(销售取值基础数据!$J:$J,销售取值基础数据!$I:$I,$A6,销售取值基础数据!$B:$B,AY$4),"")/_xlfn.IFS(AY$4<$C6,($L6-SUMIFS(销售取值基础数据!$J:$J,销售取值基础数据!$I:$I,$A6,销售取值基础数据!$B:$B,"<="&AX$4))*110%/(180-AX$4),AY$4>=$C6,($L6-SUM(辅助表!$P6:AY6))*110%/(180-AX$4))),$A$2="实际销售",IF($C6>AY$4,SUMIFS(销售取值基础数据!$J:$J,销售取值基础数据!$I:$I,$A6,销售取值基础数据!$B:$B,AY$4),""))} -> 19.876389 | AZ6: {=_xlfn.IFS($A$2="销售计划（销售后）",_xlfn.IFS(AZ$4<$C6,($L6-SUMIFS(销售取值基础数据!$J:$J,销售取值基础数据!$I:$I,$A6,销售取值基础数据!$B:$B,"<="&AY$4))*110%/(180-AY$4),AZ$4>=$C6,($L6-SUM(辅助表!$P6:AZ6))*110%/(180-AY$4)),$A$2="销售计划（销售前）",$L6*110%/180,$A$2="达成情况",IF(AZ$4>=$C6,"实际销售数量未更新",IF($C6>AZ$4,SUMIFS(销售取值基础数据!$J:$J,销售取值基础数据!$I:$I,$A6,销售取值基础数据!$B:$B,AZ$4),"")/_xlfn.IFS(AZ$4<$C6,($L6-SUMIFS(销售取值基础数据!$J:$J,销售取值基础数据!$I:$I,$A6,销售取值基础数据!$B:$B,"<="&AY$4))*110%/(180-AY$4),AZ$4>=$C6,($L6-SUM(辅助表!$P6:AZ6))*110%/(180-AY$4))),$A$2="实际销售",IF($C6>AZ$4,SUMIFS(销售取值基础数据!$J:$J,销售取值基础数据!$I:$I,$A6,销售取值基础数据!$B:$B,AZ$4),""))} -> 19.9 | ... ED6: {=_xlfn.IFS($A$2="销售计划（销售后）",_xlfn.IFS(ED$4<$C6,($L6-SUMIFS(销售取值基础数据!$J:$J,销售取值基础数据!$I:$I,$A6,销售取值基础数据!$B:$B,"<="&EC$4))*110%/(180-EC$4),ED$4>=$C6,($L6-SUM(辅助表!$P6:ED6))*110%/(180-EC$4)),$A$2="销售计划（销售前）",$L6*110%/180,$A$2="达成情况",IF(ED$4>=$C6,"实际销售数量未更新",IF($C6>ED$4,SUMIFS(销售取值基础数据!$J:$J,销售取值基础数据!$I:$I,$A6,销售取值基础数据!$B:$B,ED$4),"")/_xlfn.IFS(ED$4<$C6,($L6-SUMIFS(销售取值基础数据!$J:$J,销售取值基础数据!$I:$I,$A6,销售取值基础数据!$B:$B,"<="&EC$4))*110%/(180-EC$4),ED$4>=$C6,($L6-SUM(辅助表!$P6:ED6))*110%/(180-EC$4))),$A$2="实际销售",IF($C6>ED$4,SUMIFS(销售取值基础数据!$J:$J,销售取值基础数据!$I:$I,$A6,销售取值基础数据!$B:$B,ED$4),""))} -> 20.447817 | EE6: {=_xlfn.IFS($A$2="销售计划（销售后）",_xlfn.IFS(EE$4<$C6,($L6-SUMIFS(销售取值基础数据!$J:$J,销售取值基础数据!$I:$I,$A6,销售取值基础数据!$B:$B,"<="&ED$4))*100%/(180-ED$4),EE$4>=$C6,($L6-SUM(辅助表!$P6:EE6))*100%/(180-ED$4)),$A$2="销售计划（销售前）",$L6*100%/180,$A$2="达成情况",IF(EE$4>=$C6,"实际销售数量未更新",IF($C6>EE$4,SUMIFS(销售取值基础数据!$J:$J,销售取值基础数据!$I:$I,$A6,销售取值基础数据!$B:$B,EE$4),"")/(_xlfn.IFS(EE$4<$C6,($L6-SUMIFS(销售取值基础数据!$J:$J,销售取值基础数据!$I:$I,$A6,销售取值基础数据!$B:$B,"<="&ED$4))*100%/(180-ED$4),EE$4>=$C6,($L6-SUM(辅助表!$P6:EE6))*100%/(180-ED$4)))),$A$2="实际销售",IF($C6>EE$4,SUMIFS(销售取值基础数据!$J:$J,销售取值基础数据!$I:$I,$A6,销售取值基础数据!$B:$B,EE$4),""))} -> 18.557943 | EF6: {=_xlfn.IFS($A$2="销售计划（销售后）",_xlfn.IFS(EF$4<$C6,($L6-SUMIFS(销售取值基础数据!$J:$J,销售取值基础数据!$I:$I,$A6,销售取值基础数据!$B:$B,"<="&EE$4))*100%/(180-EE$4),EF$4>=$C6,($L6-SUM(辅助表!$P6:EF6))*100%/(180-EE$4)),$A$2="销售计划（销售前）",$L6*100%/180,$A$2="达成情况",IF(EF$4>=$C6,"实际销售数量未更新",IF($C6>EF$4,SUMIFS(销售取值基础数据!$J:$J,销售取值基础数据!$I:$I,$A6,销售取值基础数据!$B:$B,EF$4),"")/(_xlfn.IFS(EF$4<$C6,($L6-SUMIFS(销售取值基础数据!$J:$J,销售取值基础数据!$I:$I,$A6,销售取值基础数据!$B:$B,"<="&EE$4))*100%/(180-EE$4),EF$4>=$C6,($L6-SUM(辅助表!$P6:EF6))*100%/(180-EE$4)))),$A$2="实际销售",IF($C6>EF$4,SUMIFS(销售取值基础数据!$J:$J,销售取值基础数据!$I:$I,$A6,销售取值基础数据!$B:$B,EF$4),""))} -> 18.557943 | EG6: {=_xlfn.IFS($A$2="销售计划（销售后）",_xlfn.IFS(EG$4<$C6,($L6-SUMIFS(销售取值基础数据!$J:$J,销售取值基础数据!$I:$I,$A6,销售取值基础数据!$B:$B,"<="&EF$4))*100%/(180-EF$4),EG$4>=$C6,($L6-SUM(辅助表!$P6:EG6))*100%/(180-EF$4)),$A$2="销售计划（销售前）",$L6*100%/180,$A$2="达成情况",IF(EG$4>=$C6,"实际销售数量未更新",IF($C6>EG$4,SUMIFS(销售取值基础数据!$J:$J,销售取值基础数据!$I:$I,$A6,销售取值基础数据!$B:$B,EG$4),"")/(_xlfn.IFS(EG$4<$C6,($L6-SUMIFS(销售取值基础数据!$J:$J,销售取值基础数据!$I:$I,$A6,销售取值基础数据!$B:$B,"<="&EF$4))*100%/(180-EF$4),EG$4>=$C6,($L6-SUM(辅助表!$P6:EG6))*100%/(180-EF$4)))),$A$2="实际销售",IF($C6>EG$4,SUMIFS(销售取值基础数据!$J:$J,销售取值基础数据!$I:$I,$A6,销售取值基础数据!$B:$B,EG$4),""))} -> 18.557943 | EH6: {=_xlfn.IFS($A$2="销售计划（销售后）",_xlfn.IFS(EH$4<$C6,($L6-SUMIFS(销售取值基础数据!$J:$J,销售取值基础数据!$I:$I,$A6,销售取值基础数据!$B:$B,"<="&EG$4))*100%/(180-EG$4),EH$4>=$C6,($L6-SUM(辅助表!$P6:EH6))*100%/(180-EG$4)),$A$2="销售计划（销售前）",$L6*100%/180,$A$2="达成情况",IF(EH$4>=$C6,"实际销售数量未更新",IF($C6>EH$4,SUMIFS(销售取值基础数据!$J:$J,销售取值基础数据!$I:$I,$A6,销售取值基础数据!$B:$B,EH$4),"")/(_xlfn.IFS(EH$4<$C6,($L6-SUMIFS(销售取值基础数据!$J:$J,销售取值基础数据!$I:$I,$A6,销售取值基础数据!$B:$B,"<="&EG$4))*100%/(180-EG$4),EH$4>=$C6,($L6-SUM(辅助表!$P6:EH6))*100%/(180-EG$4)))),$A$2="实际销售",IF($C6>EH$4,SUMIFS(销售取值基础数据!$J:$J,销售取值基础数据!$I:$I,$A6,销售取值基础数据!$B:$B,EH$4),""))} -> 18.557943 | EI6: {=_xlfn.IFS($A$2="销售计划（销售后）",_xlfn.IFS(EI$4<$C6,($L6-SUMIFS(销售取值基础数据!$J:$J,销售取值基础数据!$I:$I,$A6,销售取值基础数据!$B:$B,"<="&EH$4))*100%/(180-EH$4),EI$4>=$C6,($L6-SUM(辅助表!$P6:EI6))*100%/(180-EH$4)),$A$2="销售计划（销售前）",$L6*100%/180,$A$2="达成情况",IF(EI$4>=$C6,"实际销售数量未更新",IF($C6>EI$4,SUMIFS(销售取值基础数据!$J:$J,销售取值基础数据!$I:$I,$A6,销售取值基础数据!$B:$B,EI$4),"")/(_xlfn.IFS(EI$4<$C6,($L6-SUMIFS(销售取值基础数据!$J:$J,销售取值基础数据!$I:$I,$A6,销售取值基础数据!$B:$B,"<="&EH$4))*100%/(180-EH$4),EI$4>=$C6,($L6-SUM(辅助表!$P6:EI6))*100%/(180-EH$4)))),$A$2="实际销售",IF($C6>EI$4,SUMIFS(销售取值基础数据!$J:$J,销售取值基础数据!$I:$I,$A6,销售取值基础数据!$B:$B,EI$4),""))} -> 18.557943 | EJ6: {=_xlfn.IFS($A$2="销售计划（销售后）",_xlfn.IFS(EJ$4<$C6,($L6-SUMIFS(销售取值基础数据!$J:$J,销售取值基础数据!$I:$I,$A6,销售取值基础数据!$B:$B,"<="&EI$4))*100%/(180-EI$4),EJ$4>=$C6,($L6-SUM(辅助表!$P6:EJ6))*100%/(180-EI$4)),$A$2="销售计划（销售前）",$L6*100%/180,$A$2="达成情况",IF(EJ$4>=$C6,"实际销售数量未更新",IF($C6>EJ$4,SUMIFS(销售取值基础数据!$J:$J,销售取值基础数据!$I:$I,$A6,销售取值基础数据!$B:$B,EJ$4),"")/(_xlfn.IFS(EJ$4<$C6,($L6-SUMIFS(销售取值基础数据!$J:$J,销售取值基础数据!$I:$I,$A6,销售取值基础数据!$B:$B,"<="&EI$4))*100%/(180-EI$4),EJ$4>=$C6,($L6-SUM(辅助表!$P6:EJ6))*100%/(180-EI$4)))),$A$2="实际销售",IF($C6>EJ$4,SUMIFS(销售取值基础数据!$J:$J,销售取值基础数据!$I:$I,$A6,销售取值基础数据!$B:$B,EJ$4),""))} -> 18.557943 | EK6: {=_xlfn.IFS($A$2="销售计划（销售后）",_xlfn.IFS(EK$4<$C6,($L6-SUMIFS(销售取值基础数据!$J:$J,销售取值基础数据!$I:$I,$A6,销售取值基础数据!$B:$B,"<="&EJ$4))*100%/(180-EJ$4),EK$4>=$C6,($L6-SUM(辅助表!$P6:EK6))*100%/(180-EJ$4)),$A$2="销售计划（销售前）",$L6*100%/180,$A$2="达成情况",IF(EK$4>=$C6,"实际销售数量未更新",IF($C6>EK$4,SUMIFS(销售取值基础数据!$J:$J,销售取值基础数据!$I:$I,$A6,销售取值基础数据!$B:$B,EK$4),"")/(_xlfn.IFS(EK$4<$C6,($L6-SUMIFS(销售取值基础数据!$J:$J,销售取值基础数据!$I:$I,$A6,销售取值基础数据!$B:$B,"<="&EJ$4))*100%/(180-EJ$4),EK$4>=$C6,($L6-SUM(辅助表!$P6:EK6))*100%/(180-EJ$4)))),$A$2="实际销售",IF($C6>EK$4,SUMIFS(销售取值基础数据!$J:$J,销售取值基础数据!$I:$I,$A6,销售取值基础数据!$B:$B,EK$4),""))} -> 18.557943 | EL6: {=_xlfn.IFS($A$2="销售计划（销售后）",_xlfn.IFS(EL$4<$C6,($L6-SUMIFS(销售取值基础数据!$J:$J,销售取值基础数据!$I:$I,$A6,销售取值基础数据!$B:$B,"<="&EK$4))*100%/(180-EK$4),EL$4>=$C6,($L6-SUM(辅助表!$P6:EL6))*100%/(180-EK$4)),$A$2="销售计划（销售前）",$L6*100%/180,$A$2="达成情况",IF(EL$4>=$C6,"实际销售数量未更新",IF($C6>EL$4,SUMIFS(销售取值基础数据!$J:$J,销售取值基础数据!$I:$I,$A6,销售取值基础数据!$B:$B,EL$4),"")/(_xlfn.IFS(EL$4<$C6,($L6-SUMIFS(销售取值基础数据!$J:$J,销售取值基础数据!$I:$I,$A6,销售取值基础数据!$B:$B,"<="&EK$4))*100%/(180-EK$4),EL$4>=$C6,($L6-SUM(辅助表!$P6:EL6))*100%/(180-EK$4)))),$A$2="实际销售",IF($C6>EL$4,SUMIFS(销售取值基础数据!$J:$J,销售取值基础数据!$I:$I,$A6,销售取值基础数据!$B:$B,EL$4),""))} -> 18.557943 | ... GL6: {=_xlfn.IFS($A$2="销售计划（销售后）",_xlfn.IFS(GL$4<$C6,($L6-SUMIFS(销售取值基础数据!$J:$J,销售取值基础数据!$I:$I,$A6,销售取值基础数据!$B:$B,"<="&GK$4))*100%/(180-GK$4),GL$4>=$C6,($L6-SUM(辅助表!$P6:GL6))*100%/(180-GK$4)),$A$2="销售计划（销售前）",$L6*100%/180,$A$2="达成情况",IF(GL$4>=$C6,"实际销售数量未更新",IF($C6>GL$4,SUMIFS(销售取值基础数据!$J:$J,销售取值基础数据!$I:$I,$A6,销售取值基础数据!$B:$B,GL$4),"")/(_xlfn.IFS(GL$4<$C6,($L6-SUMIFS(销售取值基础数据!$J:$J,销售取值基础数据!$I:$I,$A6,销售取值基础数据!$B:$B,"<="&GK$4))*100%/(180-GK$4),GL$4>=$C6,($L6-SUM(辅助表!$P6:GL6))*100%/(180-GK$4)))),$A$2="实际销售",IF($C6>GL$4,SUMIFS(销售取值基础数据!$J:$J,销售取值基础数据!$I:$I,$A6,销售取值基础数据!$B:$B,GL$4),""))} -> 18.557943
A7: ABPV009-6 | B7: 46171 | C7: =TODAY()-B7+1 -> 33 | D7: {=_xlfn.IFS(AND(TODAY()-B7+1<=30,TODAY()-B7+1>=0),"新品期",AND(TODAY()-B7+1>=31,TODAY()-B7+1<=120),"热销期",AND(TODAY()-B7+1>=121,TODAY()-B7+1<=180),"清货期",TODAY()-B7+1>180,"滞销")} -> 热销期 | E7: 852 | F7: =E7/(SUMIFS(销售取值基础数据!J:J,销售取值基础数据!I:I,A7,销售取值基础数据!F:F,"可取")/IF(C7>30,"30",C7-1)) -> 180 | G7: =SUMIF(销售取值基础数据!I:I,A7,销售取值基础数据!J:J) -> 148 | H7: =G7/L7 -> 0.148 | I7: =M7/'销售计划（销售前）'!M7 -> #NAME? | J7: =SUMIFS(销售取值基础数据!J:J,销售取值基础数据!I:I,A7,销售取值基础数据!E:E,"可取")/SUM(INDEX('销售计划（销售前）'!R7:GO7,C7-1):INDEX('销售计划（销售前）'!R7:GO7,C7-7)) -> 0 | K7: =SUMIFS(销售取值基础数据!J:J,销售取值基础数据!I:I,A7,销售取值基础数据!F:F,"可取")/SUM(INDEX('销售计划（销售前）'!R7:GO7,C7-1):INDEX('销售计划（销售前）'!R7:GO7,C7-IF(C7>30,"30",C7-1))) -> 1.0390244 | L7: 1000 | M7: =_xlfn.XLOOKUP(A7,销售取值基础数据!I:I,销售取值基础数据!J:J,0,0,-1) -> #NAME? | N7: {=IF($A$2="销售计划（销售后）",IF(C7>180,"0",INDEX(O7:GL7,C7)),"")} -> 6.0781448 | O7: {=_xlfn.IFS($A$2="销售计划（销售后）",$L7*80%/180,$A$2="销售计划（销售前）",$L7*80%/180,$A$2="达成情况",IF(O$4>=$C7,"实际销售数量未更新",SUMIFS(销售取值基础数据!J:J,销售取值基础数据!I:I,A7,销售取值基础数据!B:B,$O$4)/($L7*80%/180)),$A$2="实际销售",SUMIFS(销售取值基础数据!J:J,销售取值基础数据!I:I,A7,销售取值基础数据!B:B,$O$4))} -> 4.4444444 | P7: {=_xlfn.IFS($A$2="销售计划（销售后）",_xlfn.IFS(P$4<$C7,($L7-SUMIFS(销售取值基础数据!$J:$J,销售取值基础数据!$I:$I,$A7,销售取值基础数据!$B:$B,"<="&O$4))*80%/(180-O$4),P$4>=$C7,($L7-SUM(辅助表!$P7:P7))*80%/(180-O$4)),$A$2="销售计划（销售前）",$L7*80%/180,$A$2="达成情况",IF(P$4>=$C7,"实际销售数量未更新",IF($C7>P$4,SUMIFS(销售取值基础数据!$J:$J,销售取值基础数据!$I:$I,$A7,销售取值基础数据!$B:$B,P$4),"")/(_xlfn.IFS(P$4<$C7,($L7-SUMIFS(销售取值基础数据!$J:$J,销售取值基础数据!$I:$I,$A7,销售取值基础数据!$B:$B,"<="&O$4))*80%/(180-O$4),P$4>=$C7,($L7-SUM(辅助表!$P7:P7))*80%/(180-O$4)))),$A$2="实际销售",IF($C7>P$4,SUMIFS(销售取值基础数据!$J:$J,销售取值基础数据!$I:$I,$A7,销售取值基础数据!$B:$B,P$4),""))} -> 4.4558659 | Q7: {=_xlfn.IFS($A$2="销售计划（销售后）",_xlfn.IFS(Q$4<$C7,($L7-SUMIFS(销售取值基础数据!$J:$J,销售取值基础数据!$I:$I,$A7,销售取值基础数据!$B:$B,"<="&P$4))*80%/(180-P$4),Q$4>=$C7,($L7-SUM(辅助表!$P7:Q7))*80%/(180-P$4)),$A$2="销售计划（销售前）",$L7*80%/180,$A$2="达成情况",IF(Q$4>=$C7,"实际销售数量未更新",IF($C7>Q$4,SUMIFS(销售取值基础数据!$J:$J,销售取值基础数据!$I:$I,$A7,销售取值基础数据!$B:$B,Q$4),"")/(_xlfn.IFS(Q$4<$C7,($L7-SUMIFS(销售取值基础数据!$J:$J,销售取值基础数据!$I:$I,$A7,销售取值基础数据!$B:$B,"<="&P$4))*80%/(180-P$4),Q$4>=$C7,($L7-SUM(辅助表!$P7:Q7))*80%/(180-P$4)))),$A$2="实际销售",IF($C7>Q$4,SUMIFS(销售取值基础数据!$J:$J,销售取值基础数据!$I:$I,$A7,销售取值基础数据!$B:$B,Q$4),""))} -> 4.4764045 | R7: {=_xlfn.IFS($A$2="销售计划（销售后）",_xlfn.IFS(R$4<$C7,($L7-SUMIFS(销售取值基础数据!$J:$J,销售取值基础数据!$I:$I,$A7,销售取值基础数据!$B:$B,"<="&Q$4))*80%/(180-Q$4),R$4>=$C7,($L7-SUM(辅助表!$P7:R7))*80%/(180-Q$4)),$A$2="销售计划（销售前）",$L7*80%/180,$A$2="达成情况",IF(R$4>=$C7,"实际销售数量未更新",IF($C7>R$4,SUMIFS(销售取值基础数据!$J:$J,销售取值基础数据!$I:$I,$A7,销售取值基础数据!$B:$B,R$4),"")/(_xlfn.IFS(R$4<$C7,($L7-SUMIFS(销售取值基础数据!$J:$J,销售取值基础数据!$I:$I,$A7,销售取值基础数据!$B:$B,"<="&Q$4))*80%/(180-Q$4),R$4>=$C7,($L7-SUM(辅助表!$P7:R7))*80%/(180-Q$4)))),$A$2="实际销售",IF($C7>R$4,SUMIFS(销售取值基础数据!$J:$J,销售取值基础数据!$I:$I,$A7,销售取值基础数据!$B:$B,R$4),""))} -> 4.4926554 | S7: {=_xlfn.IFS($A$2="销售计划（销售后）",_xlfn.IFS(S$4<$C7,($L7-SUMIFS(销售取值基础数据!$J:$J,销售取值基础数据!$I:$I,$A7,销售取值基础数据!$B:$B,"<="&R$4))*80%/(180-R$4),S$4>=$C7,($L7-SUM(辅助表!$P7:S7))*80%/(180-R$4)),$A$2="销售计划（销售前）",$L7*80%/180,$A$2="达成情况",IF(S$4>=$C7,"实际销售数量未更新",IF($C7>S$4,SUMIFS(销售取值基础数据!$J:$J,销售取值基础数据!$I:$I,$A7,销售取值基础数据!$B:$B,S$4),"")/(_xlfn.IFS(S$4<$C7,($L7-SUMIFS(销售取值基础数据!$J:$J,销售取值基础数据!$I:$I,$A7,销售取值基础数据!$B:$B,"<="&R$4))*80%/(180-R$4),S$4>=$C7,($L7-SUM(辅助表!$P7:S7))*80%/(180-R$4)))),$A$2="实际销售",IF($C7>S$4,SUMIFS(销售取值基础数据!$J:$J,销售取值基础数据!$I:$I,$A7,销售取值基础数据!$B:$B,S$4),""))} -> 4.5 | T7: {=_xlfn.IFS($A$2="销售计划（销售后）",_xlfn.IFS(T$4<$C7,($L7-SUMIFS(销售取值基础数据!$J:$J,销售取值基础数据!$I:$I,$A7,销售取值基础数据!$B:$B,"<="&S$4))*80%/(180-S$4),T$4>=$C7,($L7-SUM(辅助表!$P7:T7))*80%/(180-S$4)),$A$2="销售计划（销售前）",$L7*80%/180,$A$2="达成情况",IF(T$4>=$C7,"实际销售数量未更新",IF($C7>T$4,SUMIFS(销售取值基础数据!$J:$J,销售取值基础数据!$I:$I,$A7,销售取值基础数据!$B:$B,T$4),"")/(_xlfn.IFS(T$4<$C7,($L7-SUMIFS(销售取值基础数据!$J:$J,销售取值基础数据!$I:$I,$A7,销售取值基础数据!$B:$B,"<="&S$4))*80%/(180-S$4),T$4>=$C7,($L7-SUM(辅助表!$P7:T7))*80%/(180-S$4)))),$A$2="实际销售",IF($C7>T$4,SUMIFS(销售取值基础数据!$J:$J,销售取值基础数据!$I:$I,$A7,销售取值基础数据!$B:$B,T$4),""))} -> 4.5028571 | U7: {=_xlfn.IFS($A$2="销售计划（销售后）",_xlfn.IFS(U$4<$C7,($L7-SUMIFS(销售取值基础数据!$J:$J,销售取值基础数据!$I:$I,$A7,销售取值基础数据!$B:$B,"<="&T$4))*80%/(180-T$4),U$4>=$C7,($L7-SUM(辅助表!$P7:U7))*80%/(180-T$4)),$A$2="销售计划（销售前）",$L7*80%/180,$A$2="达成情况",IF(U$4>=$C7,"实际销售数量未更新",IF($C7>U$4,SUMIFS(销售取值基础数据!$J:$J,销售取值基础数据!$I:$I,$A7,销售取值基础数据!$B:$B,U$4),"")/(_xlfn.IFS(U$4<$C7,($L7-SUMIFS(销售取值基础数据!$J:$J,销售取值基础数据!$I:$I,$A7,销售取值基础数据!$B:$B,"<="&T$4))*80%/(180-T$4),U$4>=$C7,($L7-SUM(辅助表!$P7:U7))*80%/(180-T$4)))),$A$2="实际销售",IF($C7>U$4,SUMIFS(销售取值基础数据!$J:$J,销售取值基础数据!$I:$I,$A7,销售取值基础数据!$B:$B,U$4),""))} -> 4.5057471 | V7: {=_xlfn.IFS($A$2="销售计划（销售后）",_xlfn.IFS(V$4<$C7,($L7-SUMIFS(销售取值基础数据!$J:$J,销售取值基础数据!$I:$I,$A7,销售取值基础数据!$B:$B,"<="&U$4))*80%/(180-U$4),V$4>=$C7,($L7-SUM(辅助表!$P7:V7))*80%/(180-U$4)),$A$2="销售计划（销售前）",$L7*80%/180,$A$2="达成情况",IF(V$4>=$C7,"实际销售数量未更新",IF($C7>V$4,SUMIFS(销售取值基础数据!$J:$J,销售取值基础数据!$I:$I,$A7,销售取值基础数据!$B:$B,V$4),"")/(_xlfn.IFS(V$4<$C7,($L7-SUMIFS(销售取值基础数据!$J:$J,销售取值基础数据!$I:$I,$A7,销售取值基础数据!$B:$B,"<="&U$4))*80%/(180-U$4),V$4>=$C7,($L7-SUM(辅助表!$P7:V7))*80%/(180-U$4)))),$A$2="实际销售",IF($C7>V$4,SUMIFS(销售取值基础数据!$J:$J,销售取值基础数据!$I:$I,$A7,销售取值基础数据!$B:$B,V$4),""))} -> 4.4947977 | W7: {=_xlfn.IFS($A$2="销售计划（销售后）",_xlfn.IFS(W$4<$C7,($L7-SUMIFS(销售取值基础数据!$J:$J,销售取值基础数据!$I:$I,$A7,销售取值基础数据!$B:$B,"<="&V$4))*80%/(180-V$4),W$4>=$C7,($L7-SUM(辅助表!$P7:W7))*80%/(180-V$4)),$A$2="销售计划（销售前）",$L7*80%/180,$A$2="达成情况",IF(W$4>=$C7,"实际销售数量未更新",IF($C7>W$4,SUMIFS(销售取值基础数据!$J:$J,销售取值基础数据!$I:$I,$A7,销售取值基础数据!$B:$B,W$4),"")/(_xlfn.IFS(W$4<$C7,($L7-SUMIFS(销售取值基础数据!$J:$J,销售取值基础数据!$I:$I,$A7,销售取值基础数据!$B:$B,"<="&V$4))*80%/(180-V$4),W$4>=$C7,($L7-SUM(辅助表!$P7:W7))*80%/(180-V$4)))),$A$2="实际销售",IF($C7>W$4,SUMIFS(销售取值基础数据!$J:$J,销售取值基础数据!$I:$I,$A7,销售取值基础数据!$B:$B,W$4),""))} -> 4.5069767 | ... AR7: {=_xlfn.IFS($A$2="销售计划（销售后）",_xlfn.IFS(AR$4<$C7,($L7-SUMIFS(销售取值基础数据!$J:$J,销售取值基础数据!$I:$I,$A7,销售取值基础数据!$B:$B,"<="&AQ$4))*80%/(180-AQ$4),AR$4>=$C7,($L7-SUM(辅助表!$P7:AR7))*80%/(180-AQ$4)),$A$2="销售计划（销售前）",$L7*80%/180,$A$2="达成情况",IF(AR$4>=$C7,"实际销售数量未更新",IF($C7>AR$4,SUMIFS(销售取值基础数据!$J:$J,销售取值基础数据!$I:$I,$A7,销售取值基础数据!$B:$B,AR$4),"")/(_xlfn.IFS(AR$4<$C7,($L7-SUMIFS(销售取值基础数据!$J:$J,销售取值基础数据!$I:$I,$A7,销售取值基础数据!$B:$B,"<="&AQ$4))*80%/(180-AQ$4),AR$4>=$C7,($L7-SUM(辅助表!$P7:AR7))*80%/(180-AQ$4)))),$A$2="实际销售",IF($C7>AR$4,SUMIFS(销售取值基础数据!$J:$J,销售取值基础数据!$I:$I,$A7,销售取值基础数据!$B:$B,AR$4),""))} -> 4.5139073 | AS7: {=_xlfn.IFS($A$2="销售计划（销售后）",_xlfn.IFS(AS$4<$C7,($L7-SUMIFS(销售取值基础数据!$J:$J,销售取值基础数据!$I:$I,$A7,销售取值基础数据!$B:$B,"<="&AR$4))*110%/(180-AR$4),AS$4>=$C7,($L7-SUM(辅助表!$P7:AS7))*110%/(180-AR$4)),$A$2="销售计划（销售前）",$L7*110%/180,$A$2="达成情况",IF(AS$4>=$C7,"实际销售数量未更新",IF($C7>AS$4,SUMIFS(销售取值基础数据!$J:$J,销售取值基础数据!$I:$I,$A7,销售取值基础数据!$B:$B,AS$4),"")/_xlfn.IFS(AS$4<$C7,($L7-SUMIFS(销售取值基础数据!$J:$J,销售取值基础数据!$I:$I,$A7,销售取值基础数据!$B:$B,"<="&AR$4))*110%/(180-AR$4),AS$4>=$C7,($L7-SUM(辅助表!$P7:AS7))*110%/(180-AR$4))),$A$2="实际销售",IF($C7>AS$4,SUMIFS(销售取值基础数据!$J:$J,销售取值基础数据!$I:$I,$A7,销售取值基础数据!$B:$B,AS$4),""))} -> 6.248 | AT7: {=_xlfn.IFS($A$2="销售计划（销售后）",_xlfn.IFS(AT$4<$C7,($L7-SUMIFS(销售取值基础数据!$J:$J,销售取值基础数据!$I:$I,$A7,销售取值基础数据!$B:$B,"<="&AS$4))*110%/(180-AS$4),AT$4>=$C7,($L7-SUM(辅助表!$P7:AT7))*110%/(180-AS$4)),$A$2="销售计划（销售前）",$L7*110%/180,$A$2="达成情况",IF(AT$4>=$C7,"实际销售数量未更新",IF($C7>AT$4,SUMIFS(销售取值基础数据!$J:$J,销售取值基础数据!$I:$I,$A7,销售取值基础数据!$B:$B,AT$4),"")/_xlfn.IFS(AT$4<$C7,($L7-SUMIFS(销售取值基础数据!$J:$J,销售取值基础数据!$I:$I,$A7,销售取值基础数据!$B:$B,"<="&AS$4))*110%/(180-AS$4),AT$4>=$C7,($L7-SUM(辅助表!$P7:AT7))*110%/(180-AS$4))),$A$2="实际销售",IF($C7>AT$4,SUMIFS(销售取值基础数据!$J:$J,销售取值基础数据!$I:$I,$A7,销售取值基础数据!$B:$B,AT$4),""))} -> 6.2899329 | AU7: {=_xlfn.IFS($A$2="销售计划（销售后）",_xlfn.IFS(AU$4<$C7,($L7-SUMIFS(销售取值基础数据!$J:$J,销售取值基础数据!$I:$I,$A7,销售取值基础数据!$B:$B,"<="&AT$4))*110%/(180-AT$4),AU$4>=$C7,($L7-SUM(辅助表!$P7:AU7))*110%/(180-AT$4)),$A$2="销售计划（销售前）",$L7*110%/180,$A$2="达成情况",IF(AU$4>=$C7,"实际销售数量未更新",IF($C7>AU$4,SUMIFS(销售取值基础数据!$J:$J,销售取值基础数据!$I:$I,$A7,销售取值基础数据!$B:$B,AU$4),"")/_xlfn.IFS(AU$4<$C7,($L7-SUMIFS(销售取值基础数据!$J:$J,销售取值基础数据!$I:$I,$A7,销售取值基础数据!$B:$B,"<="&AT$4))*110%/(180-AT$4),AU$4>=$C7,($L7-SUM(辅助表!$P7:AU7))*110%/(180-AT$4))),$A$2="实际销售",IF($C7>AU$4,SUMIFS(销售取值基础数据!$J:$J,销售取值基础数据!$I:$I,$A7,销售取值基础数据!$B:$B,AU$4),""))} -> 6.0781448 | AV7: {=_xlfn.IFS($A$2="销售计划（销售后）",_xlfn.IFS(AV$4<$C7,($L7-SUMIFS(销售取值基础数据!$J:$J,销售取值基础数据!$I:$I,$A7,销售取值基础数据!$B:$B,"<="&AU$4))*110%/(180-AU$4),AV$4>=$C7,($L7-SUM(辅助表!$P7:AV7))*110%/(180-AU$4)),$A$2="销售计划（销售前）",$L7*110%/180,$A$2="达成情况",IF(AV$4>=$C7,"实际销售数量未更新",IF($C7>AV$4,SUMIFS(销售取值基础数据!$J:$J,销售取值基础数据!$I:$I,$A7,销售取值基础数据!$B:$B,AV$4),"")/_xlfn.IFS(AV$4<$C7,($L7-SUMIFS(销售取值基础数据!$J:$J,销售取值基础数据!$I:$I,$A7,销售取值基础数据!$B:$B,"<="&AU$4))*110%/(180-AU$4),AV$4>=$C7,($L7-SUM(辅助表!$P7:AV7))*110%/(180-AU$4))),$A$2="实际销售",IF($C7>AV$4,SUMIFS(销售取值基础数据!$J:$J,销售取值基础数据!$I:$I,$A7,销售取值基础数据!$B:$B,AV$4),""))} -> 6.07401 | AW7: {=_xlfn.IFS($A$2="销售计划（销售后）",_xlfn.IFS(AW$4<$C7,($L7-SUMIFS(销售取值基础数据!$J:$J,销售取值基础数据!$I:$I,$A7,销售取值基础数据!$B:$B,"<="&AV$4))*110%/(180-AV$4),AW$4>=$C7,($L7-SUM(辅助表!$P7:AW7))*110%/(180-AV$4)),$A$2="销售计划（销售前）",$L7*110%/180,$A$2="达成情况",IF(AW$4>=$C7,"实际销售数量未更新",IF($C7>AW$4,SUMIFS(销售取值基础数据!$J:$J,销售取值基础数据!$I:$I,$A7,销售取值基础数据!$B:$B,AW$4),"")/_xlfn.IFS(AW$4<$C7,($L7-SUMIFS(销售取值基础数据!$J:$J,销售取值基础数据!$I:$I,$A7,销售取值基础数据!$B:$B,"<="&AV$4))*110%/(180-AV$4),AW$4>=$C7,($L7-SUM(辅助表!$P7:AW7))*110%/(180-AV$4))),$A$2="实际销售",IF($C7>AW$4,SUMIFS(销售取值基础数据!$J:$J,销售取值基础数据!$I:$I,$A7,销售取值基础数据!$B:$B,AW$4),""))} -> 6.0698497 | AX7: {=_xlfn.IFS($A$2="销售计划（销售后）",_xlfn.IFS(AX$4<$C7,($L7-SUMIFS(销售取值基础数据!$J:$J,销售取值基础数据!$I:$I,$A7,销售取值基础数据!$B:$B,"<="&AW$4))*110%/(180-AW$4),AX$4>=$C7,($L7-SUM(辅助表!$P7:AX7))*110%/(180-AW$4)),$A$2="销售计划（销售前）",$L7*110%/180,$A$2="达成情况",IF(AX$4>=$C7,"实际销售数量未更新",IF($C7>AX$4,SUMIFS(销售取值基础数据!$J:$J,销售取值基础数据!$I:$I,$A7,销售取值基础数据!$B:$B,AX$4),"")/_xlfn.IFS(AX$4<$C7,($L7-SUMIFS(销售取值基础数据!$J:$J,销售取值基础数据!$I:$I,$A7,销售取值基础数据!$B:$B,"<="&AW$4))*110%/(180-AW$4),AX$4>=$C7,($L7-SUM(辅助表!$P7:AX7))*110%/(180-AW$4))),$A$2="实际销售",IF($C7>AX$4,SUMIFS(销售取值基础数据!$J:$J,销售取值基础数据!$I:$I,$A7,销售取值基础数据!$B:$B,AX$4),""))} -> 6.0656636 | AY7: {=_xlfn.IFS($A$2="销售计划（销售后）",_xlfn.IFS(AY$4<$C7,($L7-SUMIFS(销售取值基础数据!$J:$J,销售取值基础数据!$I:$I,$A7,销售取值基础数据!$B:$B,"<="&AX$4))*110%/(180-AX$4),AY$4>=$C7,($L7-SUM(辅助表!$P7:AY7))*110%/(180-AX$4)),$A$2="销售计划（销售前）",$L7*110%/180,$A$2="达成情况",IF(AY$4>=$C7,"实际销售数量未更新",IF($C7>AY$4,SUMIFS(销售取值基础数据!$J:$J,销售取值基础数据!$I:$I,$A7,销售取值基础数据!$B:$B,AY$4),"")/_xlfn.IFS(AY$4<$C7,($L7-SUMIFS(销售取值基础数据!$J:$J,销售取值基础数据!$I:$I,$A7,销售取值基础数据!$B:$B,"<="&AX$4))*110%/(180-AX$4),AY$4>=$C7,($L7-SUM(辅助表!$P7:AY7))*110%/(180-AX$4))),$A$2="实际销售",IF($C7>AY$4,SUMIFS(销售取值基础数据!$J:$J,销售取值基础数据!$I:$I,$A7,销售取值基础数据!$B:$B,AY$4),""))} -> 6.0614513 | AZ7: {=_xlfn.IFS($A$2="销售计划（销售后）",_xlfn.IFS(AZ$4<$C7,($L7-SUMIFS(销售取值基础数据!$J:$J,销售取值基础数据!$I:$I,$A7,销售取值基础数据!$B:$B,"<="&AY$4))*110%/(180-AY$4),AZ$4>=$C7,($L7-SUM(辅助表!$P7:AZ7))*110%/(180-AY$4)),$A$2="销售计划（销售前）",$L7*110%/180,$A$2="达成情况",IF(AZ$4>=$C7,"实际销售数量未更新",IF($C7>AZ$4,SUMIFS(销售取值基础数据!$J:$J,销售取值基础数据!$I:$I,$A7,销售取值基础数据!$B:$B,AZ$4),"")/_xlfn.IFS(AZ$4<$C7,($L7-SUMIFS(销售取值基础数据!$J:$J,销售取值基础数据!$I:$I,$A7,销售取值基础数据!$B:$B,"<="&AY$4))*110%/(180-AY$4),AZ$4>=$C7,($L7-SUM(辅助表!$P7:AZ7))*110%/(180-AY$4))),$A$2="实际销售",IF($C7>AZ$4,SUMIFS(销售取值基础数据!$J:$J,销售取值基础数据!$I:$I,$A7,销售取值基础数据!$B:$B,AZ$4),""))} -> 6.0572125 | ... ED7: {=_xlfn.IFS($A$2="销售计划（销售后）",_xlfn.IFS(ED$4<$C7,($L7-SUMIFS(销售取值基础数据!$J:$J,销售取值基础数据!$I:$I,$A7,销售取值基础数据!$B:$B,"<="&EC$4))*110%/(180-EC$4),ED$4>=$C7,($L7-SUM(辅助表!$P7:ED7))*110%/(180-EC$4)),$A$2="销售计划（销售前）",$L7*110%/180,$A$2="达成情况",IF(ED$4>=$C7,"实际销售数量未更新",IF($C7>ED$4,SUMIFS(销售取值基础数据!$J:$J,销售取值基础数据!$I:$I,$A7,销售取值基础数据!$B:$B,ED$4),"")/_xlfn.IFS(ED$4<$C7,($L7-SUMIFS(销售取值基础数据!$J:$J,销售取值基础数据!$I:$I,$A7,销售取值基础数据!$B:$B,"<="&EC$4))*110%/(180-EC$4),ED$4>=$C7,($L7-SUM(辅助表!$P7:ED7))*110%/(180-EC$4))),$A$2="实际销售",IF($C7>ED$4,SUMIFS(销售取值基础数据!$J:$J,销售取值基础数据!$I:$I,$A7,销售取值基础数据!$B:$B,ED$4),""))} -> 5.5596391 | EE7: {=_xlfn.IFS($A$2="销售计划（销售后）",_xlfn.IFS(EE$4<$C7,($L7-SUMIFS(销售取值基础数据!$J:$J,销售取值基础数据!$I:$I,$A7,销售取值基础数据!$B:$B,"<="&ED$4))*100%/(180-ED$4),EE$4>=$C7,($L7-SUM(辅助表!$P7:EE7))*100%/(180-ED$4)),$A$2="销售计划（销售前）",$L7*100%/180,$A$2="达成情况",IF(EE$4>=$C7,"实际销售数量未更新",IF($C7>EE$4,SUMIFS(销售取值基础数据!$J:$J,销售取值基础数据!$I:$I,$A7,销售取值基础数据!$B:$B,EE$4),"")/(_xlfn.IFS(EE$4<$C7,($L7-SUMIFS(销售取值基础数据!$J:$J,销售取值基础数据!$I:$I,$A7,销售取值基础数据!$B:$B,"<="&ED$4))*100%/(180-ED$4),EE$4>=$C7,($L7-SUM(辅助表!$P7:EE7))*100%/(180-ED$4)))),$A$2="实际销售",IF($C7>EE$4,SUMIFS(销售取值基础数据!$J:$J,销售取值基础数据!$I:$I,$A7,销售取值基础数据!$B:$B,EE$4),""))} -> 5.0457937 | EF7: {=_xlfn.IFS($A$2="销售计划（销售后）",_xlfn.IFS(EF$4<$C7,($L7-SUMIFS(销售取值基础数据!$J:$J,销售取值基础数据!$I:$I,$A7,销售取值基础数据!$B:$B,"<="&EE$4))*100%/(180-EE$4),EF$4>=$C7,($L7-SUM(辅助表!$P7:EF7))*100%/(180-EE$4)),$A$2="销售计划（销售前）",$L7*100%/180,$A$2="达成情况",IF(EF$4>=$C7,"实际销售数量未更新",IF($C7>EF$4,SUMIFS(销售取值基础数据!$J:$J,销售取值基础数据!$I:$I,$A7,销售取值基础数据!$B:$B,EF$4),"")/(_xlfn.IFS(EF$4<$C7,($L7-SUMIFS(销售取值基础数据!$J:$J,销售取值基础数据!$I:$I,$A7,销售取值基础数据!$B:$B,"<="&EE$4))*100%/(180-EE$4),EF$4>=$C7,($L7-SUM(辅助表!$P7:EF7))*100%/(180-EE$4)))),$A$2="实际销售",IF($C7>EF$4,SUMIFS(销售取值基础数据!$J:$J,销售取值基础数据!$I:$I,$A7,销售取值基础数据!$B:$B,EF$4),""))} -> 5.0457937 | EG7: {=_xlfn.IFS($A$2="销售计划（销售后）",_xlfn.IFS(EG$4<$C7,($L7-SUMIFS(销售取值基础数据!$J:$J,销售取值基础数据!$I:$I,$A7,销售取值基础数据!$B:$B,"<="&EF$4))*100%/(180-EF$4),EG$4>=$C7,($L7-SUM(辅助表!$P7:EG7))*100%/(180-EF$4)),$A$2="销售计划（销售前）",$L7*100%/180,$A$2="达成情况",IF(EG$4>=$C7,"实际销售数量未更新",IF($C7>EG$4,SUMIFS(销售取值基础数据!$J:$J,销售取值基础数据!$I:$I,$A7,销售取值基础数据!$B:$B,EG$4),"")/(_xlfn.IFS(EG$4<$C7,($L7-SUMIFS(销售取值基础数据!$J:$J,销售取值基础数据!$I:$I,$A7,销售取值基础数据!$B:$B,"<="&EF$4))*100%/(180-EF$4),EG$4>=$C7,($L7-SUM(辅助表!$P7:EG7))*100%/(180-EF$4)))),$A$2="实际销售",IF($C7>EG$4,SUMIFS(销售取值基础数据!$J:$J,销售取值基础数据!$I:$I,$A7,销售取值基础数据!$B:$B,EG$4),""))} -> 5.0457937 | EH7: {=_xlfn.IFS($A$2="销售计划（销售后）",_xlfn.IFS(EH$4<$C7,($L7-SUMIFS(销售取值基础数据!$J:$J,销售取值基础数据!$I:$I,$A7,销售取值基础数据!$B:$B,"<="&EG$4))*100%/(180-EG$4),EH$4>=$C7,($L7-SUM(辅助表!$P7:EH7))*100%/(180-EG$4)),$A$2="销售计划（销售前）",$L7*100%/180,$A$2="达成情况",IF(EH$4>=$C7,"实际销售数量未更新",IF($C7>EH$4,SUMIFS(销售取值基础数据!$J:$J,销售取值基础数据!$I:$I,$A7,销售取值基础数据!$B:$B,EH$4),"")/(_xlfn.IFS(EH$4<$C7,($L7-SUMIFS(销售取值基础数据!$J:$J,销售取值基础数据!$I:$I,$A7,销售取值基础数据!$B:$B,"<="&EG$4))*100%/(180-EG$4),EH$4>=$C7,($L7-SUM(辅助表!$P7:EH7))*100%/(180-EG$4)))),$A$2="实际销售",IF($C7>EH$4,SUMIFS(销售取值基础数据!$J:$J,销售取值基础数据!$I:$I,$A7,销售取值基础数据!$B:$B,EH$4),""))} -> 5.0457937 | EI7: {=_xlfn.IFS($A$2="销售计划（销售后）",_xlfn.IFS(EI$4<$C7,($L7-SUMIFS(销售取值基础数据!$J:$J,销售取值基础数据!$I:$I,$A7,销售取值基础数据!$B:$B,"<="&EH$4))*100%/(180-EH$4),EI$4>=$C7,($L7-SUM(辅助表!$P7:EI7))*100%/(180-EH$4)),$A$2="销售计划（销售前）",$L7*100%/180,$A$2="达成情况",IF(EI$4>=$C7,"实际销售数量未更新",IF($C7>EI$4,SUMIFS(销售取值基础数据!$J:$J,销售取值基础数据!$I:$I,$A7,销售取值基础数据!$B:$B,EI$4),"")/(_xlfn.IFS(EI$4<$C7,($L7-SUMIFS(销售取值基础数据!$J:$J,销售取值基础数据!$I:$I,$A7,销售取值基础数据!$B:$B,"<="&EH$4))*100%/(180-EH$4),EI$4>=$C7,($L7-SUM(辅助表!$P7:EI7))*100%/(180-EH$4)))),$A$2="实际销售",IF($C7>EI$4,SUMIFS(销售取值基础数据!$J:$J,销售取值基础数据!$I:$I,$A7,销售取值基础数据!$B:$B,EI$4),""))} -> 5.0457937 | EJ7: {=_xlfn.IFS($A$2="销售计划（销售后）",_xlfn.IFS(EJ$4<$C7,($L7-SUMIFS(销售取值基础数据!$J:$J,销售取值基础数据!$I:$I,$A7,销售取值基础数据!$B:$B,"<="&EI$4))*100%/(180-EI$4),EJ$4>=$C7,($L7-SUM(辅助表!$P7:EJ7))*100%/(180-EI$4)),$A$2="销售计划（销售前）",$L7*100%/180,$A$2="达成情况",IF(EJ$4>=$C7,"实际销售数量未更新",IF($C7>EJ$4,SUMIFS(销售取值基础数据!$J:$J,销售取值基础数据!$I:$I,$A7,销售取值基础数据!$B:$B,EJ$4),"")/(_xlfn.IFS(EJ$4<$C7,($L7-SUMIFS(销售取值基础数据!$J:$J,销售取值基础数据!$I:$I,$A7,销售取值基础数据!$B:$B,"<="&EI$4))*100%/(180-EI$4),EJ$4>=$C7,($L7-SUM(辅助表!$P7:EJ7))*100%/(180-EI$4)))),$A$2="实际销售",IF($C7>EJ$4,SUMIFS(销售取值基础数据!$J:$J,销售取值基础数据!$I:$I,$A7,销售取值基础数据!$B:$B,EJ$4),""))} -> 5.0457937 | EK7: {=_xlfn.IFS($A$2="销售计划（销售后）",_xlfn.IFS(EK$4<$C7,($L7-SUMIFS(销售取值基础数据!$J:$J,销售取值基础数据!$I:$I,$A7,销售取值基础数据!$B:$B,"<="&EJ$4))*100%/(180-EJ$4),EK$4>=$C7,($L7-SUM(辅助表!$P7:EK7))*100%/(180-EJ$4)),$A$2="销售计划（销售前）",$L7*100%/180,$A$2="达成情况",IF(EK$4>=$C7,"实际销售数量未更新",IF($C7>EK$4,SUMIFS(销售取值基础数据!$J:$J,销售取值基础数据!$I:$I,$A7,销售取值基础数据!$B:$B,EK$4),"")/(_xlfn.IFS(EK$4<$C7,($L7-SUMIFS(销售取值基础数据!$J:$J,销售取值基础数据!$I:$I,$A7,销售取值基础数据!$B:$B,"<="&EJ$4))*100%/(180-EJ$4),EK$4>=$C7,($L7-SUM(辅助表!$P7:EK7))*100%/(180-EJ$4)))),$A$2="实际销售",IF($C7>EK$4,SUMIFS(销售取值基础数据!$J:$J,销售取值基础数据!$I:$I,$A7,销售取值基础数据!$B:$B,EK$4),""))} -> 5.0457937 | EL7: {=_xlfn.IFS($A$2="销售计划（销售后）",_xlfn.IFS(EL$4<$C7,($L7-SUMIFS(销售取值基础数据!$J:$J,销售取值基础数据!$I:$I,$A7,销售取值基础数据!$B:$B,"<="&EK$4))*100%/(180-EK$4),EL$4>=$C7,($L7-SUM(辅助表!$P7:EL7))*100%/(180-EK$4)),$A$2="销售计划（销售前）",$L7*100%/180,$A$2="达成情况",IF(EL$4>=$C7,"实际销售数量未更新",IF($C7>EL$4,SUMIFS(销售取值基础数据!$J:$J,销售取值基础数据!$I:$I,$A7,销售取值基础数据!$B:$B,EL$4),"")/(_xlfn.IFS(EL$4<$C7,($L7-SUMIFS(销售取值基础数据!$J:$J,销售取值基础数据!$I:$I,$A7,销售取值基础数据!$B:$B,"<="&EK$4))*100%/(180-EK$4),EL$4>=$C7,($L7-SUM(辅助表!$P7:EL7))*100%/(180-EK$4)))),$A$2="实际销售",IF($C7>EL$4,SUMIFS(销售取值基础数据!$J:$J,销售取值基础数据!$I:$I,$A7,销售取值基础数据!$B:$B,EL$4),""))} -> 5.0457937 | ... GL7: {=_xlfn.IFS($A$2="销售计划（销售后）",_xlfn.IFS(GL$4<$C7,($L7-SUMIFS(销售取值基础数据!$J:$J,销售取值基础数据!$I:$I,$A7,销售取值基础数据!$B:$B,"<="&GK$4))*100%/(180-GK$4),GL$4>=$C7,($L7-SUM(辅助表!$P7:GL7))*100%/(180-GK$4)),$A$2="销售计划（销售前）",$L7*100%/180,$A$2="达成情况",IF(GL$4>=$C7,"实际销售数量未更新",IF($C7>GL$4,SUMIFS(销售取值基础数据!$J:$J,销售取值基础数据!$I:$I,$A7,销售取值基础数据!$B:$B,GL$4),"")/(_xlfn.IFS(GL$4<$C7,($L7-SUMIFS(销售取值基础数据!$J:$J,销售取值基础数据!$I:$I,$A7,销售取值基础数据!$B:$B,"<="&GK$4))*100%/(180-GK$4),GL$4>=$C7,($L7-SUM(辅助表!$P7:GL7))*100%/(180-GK$4)))),$A$2="实际销售",IF($C7>GL$4,SUMIFS(销售取值基础数据!$J:$J,销售取值基础数据!$I:$I,$A7,销售取值基础数据!$B:$B,GL$4),""))} -> 5.0457937
A8: ABAV045-2 | B8: 45971 | C8: =TODAY()-B8+1 -> 233 | D8: {=_xlfn.IFS(AND(TODAY()-B8<=30,TODAY()-B8>=0),"新品期",AND(TODAY()-B8>=31,TODAY()-B8<=120),"热销期",AND(TODAY()-B8>=121,TODAY()-B8<=180),"清货期",TODAY()-B8>180,"滞销")} -> 滞销 | E8: =L8-G8 -> 2000 | F8: =E8/(SUMIFS(销售取值基础数据!J:J,销售取值基础数据!I:I,A8,销售取值基础数据!F:F,"可取")/30) -> #DIV/0! | G8: =SUMIF(销售取值基础数据!I:I,A8,销售取值基础数据!J:J) -> 0 | H8: =G8/L8 -> 0 | I8: =M8/'销售计划（销售前）'!M8 -> #NAME? | J8: =SUMIFS(销售取值基础数据!J:J,销售取值基础数据!I:I,A8,销售取值基础数据!E:E,"可取")/SUM(INDEX('销售计划（销售前）'!R8:GO8,C8-1):INDEX('销售计划（销售前）'!R8:GO8,C8-7)) -> #REF! | K8: =SUMIFS(销售取值基础数据!J:J,销售取值基础数据!I:I,A8,销售取值基础数据!F:F,"可取")/SUM(INDEX('销售计划（销售前）'!R8:GO8,C8-1):INDEX('销售计划（销售前）'!R8:GO8,C8-30)) -> #REF! | L8: 2000 | M8: =_xlfn.XLOOKUP(A8,销售取值基础数据!I:I,销售取值基础数据!J:J,0,0,-1) -> #NAME? | N8: {=IF($A$2="销售计划（销售后）",IF(C8>180,"0",INDEX(O8:GL8,C8)),"")} -> 0 | O8: {=_xlfn.IFS($A$2="销售计划（销售后）",$L8*80%/180,$A$2="销售计划（销售前）",$L8*80%/180,$A$2="达成情况",IF(O$4>=$C8,"实际销售数量未更新",SUMIFS(销售取值基础数据!J:J,销售取值基础数据!I:I,A8,销售取值基础数据!B:B,$O$4)/($L8*80%/180)),$A$2="实际销售",SUMIFS(销售取值基础数据!J:J,销售取值基础数据!I:I,A8,销售取值基础数据!B:B,$O$4))} -> 8.8888889 | P8: {=_xlfn.IFS($A$2="销售计划（销售后）",_xlfn.IFS(P$4<$C8,($L8-SUMIFS(销售取值基础数据!$J:$J,销售取值基础数据!$I:$I,$A8,销售取值基础数据!$B:$B,"<="&O$4))*80%/(180-O$4),P$4>=$C8,($L8-SUM(辅助表!$P8:P8))*80%/(180-O$4)),$A$2="销售计划（销售前）",$L8*80%/180,$A$2="达成情况",IF(P$4>=$C8,"实际销售数量未更新",IF($C8>P$4,SUMIFS(销售取值基础数据!$J:$J,销售取值基础数据!$I:$I,$A8,销售取值基础数据!$B:$B,P$4),"")/(_xlfn.IFS(P$4<$C8,($L8-SUMIFS(销售取值基础数据!$J:$J,销售取值基础数据!$I:$I,$A8,销售取值基础数据!$B:$B,"<="&O$4))*80%/(180-O$4),P$4>=$C8,($L8-SUM(辅助表!$P8:P8))*80%/(180-O$4)))),$A$2="实际销售",IF($C8>P$4,SUMIFS(销售取值基础数据!$J:$J,销售取值基础数据!$I:$I,$A8,销售取值基础数据!$B:$B,P$4),""))} -> 8.9385475 | Q8: {=_xlfn.IFS($A$2="销售计划（销售后）",_xlfn.IFS(Q$4<$C8,($L8-SUMIFS(销售取值基础数据!$J:$J,销售取值基础数据!$I:$I,$A8,销售取值基础数据!$B:$B,"<="&P$4))*80%/(180-P$4),Q$4>=$C8,($L8-SUM(辅助表!$P8:Q8))*80%/(180-P$4)),$A$2="销售计划（销售前）",$L8*80%/180,$A$2="达成情况",IF(Q$4>=$C8,"实际销售数量未更新",IF($C8>Q$4,SUMIFS(销售取值基础数据!$J:$J,销售取值基础数据!$I:$I,$A8,销售取值基础数据!$B:$B,Q$4),"")/(_xlfn.IFS(Q$4<$C8,($L8-SUMIFS(销售取值基础数据!$J:$J,销售取值基础数据!$I:$I,$A8,销售取值基础数据!$B:$B,"<="&P$4))*80%/(180-P$4),Q$4>=$C8,($L8-SUM(辅助表!$P8:Q8))*80%/(180-P$4)))),$A$2="实际销售",IF($C8>Q$4,SUMIFS(销售取值基础数据!$J:$J,销售取值基础数据!$I:$I,$A8,销售取值基础数据!$B:$B,Q$4),""))} -> 8.988764 | R8: {=_xlfn.IFS($A$2="销售计划（销售后）",_xlfn.IFS(R$4<$C8,($L8-SUMIFS(销售取值基础数据!$J:$J,销售取值基础数据!$I:$I,$A8,销售取值基础数据!$B:$B,"<="&Q$4))*80%/(180-Q$4),R$4>=$C8,($L8-SUM(辅助表!$P8:R8))*80%/(180-Q$4)),$A$2="销售计划（销售前）",$L8*80%/180,$A$2="达成情况",IF(R$4>=$C8,"实际销售数量未更新",IF($C8>R$4,SUMIFS(销售取值基础数据!$J:$J,销售取值基础数据!$I:$I,$A8,销售取值基础数据!$B:$B,R$4),"")/(_xlfn.IFS(R$4<$C8,($L8-SUMIFS(销售取值基础数据!$J:$J,销售取值基础数据!$I:$I,$A8,销售取值基础数据!$B:$B,"<="&Q$4))*80%/(180-Q$4),R$4>=$C8,($L8-SUM(辅助表!$P8:R8))*80%/(180-Q$4)))),$A$2="实际销售",IF($C8>R$4,SUMIFS(销售取值基础数据!$J:$J,销售取值基础数据!$I:$I,$A8,销售取值基础数据!$B:$B,R$4),""))} -> 9.039548 | S8: {=_xlfn.IFS($A$2="销售计划（销售后）",_xlfn.IFS(S$4<$C8,($L8-SUMIFS(销售取值基础数据!$J:$J,销售取值基础数据!$I:$I,$A8,销售取值基础数据!$B:$B,"<="&R$4))*80%/(180-R$4),S$4>=$C8,($L8-SUM(辅助表!$P8:S8))*80%/(180-R$4)),$A$2="销售计划（销售前）",$L8*80%/180,$A$2="达成情况",IF(S$4>=$C8,"实际销售数量未更新",IF($C8>S$4,SUMIFS(销售取值基础数据!$J:$J,销售取值基础数据!$I:$I,$A8,销售取值基础数据!$B:$B,S$4),"")/(_xlfn.IFS(S$4<$C8,($L8-SUMIFS(销售取值基础数据!$J:$J,销售取值基础数据!$I:$I,$A8,销售取值基础数据!$B:$B,"<="&R$4))*80%/(180-R$4),S$4>=$C8,($L8-SUM(辅助表!$P8:S8))*80%/(180-R$4)))),$A$2="实际销售",IF($C8>S$4,SUMIFS(销售取值基础数据!$J:$J,销售取值基础数据!$I:$I,$A8,销售取值基础数据!$B:$B,S$4),""))} -> 9.0909091 | T8: {=_xlfn.IFS($A$2="销售计划（销售后）",_xlfn.IFS(T$4<$C8,($L8-SUMIFS(销售取值基础数据!$J:$J,销售取值基础数据!$I:$I,$A8,销售取值基础数据!$B:$B,"<="&S$4))*80%/(180-S$4),T$4>=$C8,($L8-SUM(辅助表!$P8:T8))*80%/(180-S$4)),$A$2="销售计划（销售前）",$L8*80%/180,$A$2="达成情况",IF(T$4>=$C8,"实际销售数量未更新",IF($C8>T$4,SUMIFS(销售取值基础数据!$J:$J,销售取值基础数据!$I:$I,$A8,销售取值基础数据!$B:$B,T$4),"")/(_xlfn.IFS(T$4<$C8,($L8-SUMIFS(销售取值基础数据!$J:$J,销售取值基础数据!$I:$I,$A8,销售取值基础数据!$B:$B,"<="&S$4))*80%/(180-S$4),T$4>=$C8,($L8-SUM(辅助表!$P8:T8))*80%/(180-S$4)))),$A$2="实际销售",IF($C8>T$4,SUMIFS(销售取值基础数据!$J:$J,销售取值基础数据!$I:$I,$A8,销售取值基础数据!$B:$B,T$4),""))} -> 9.1428571 | U8: {=_xlfn.IFS($A$2="销售计划（销售后）",_xlfn.IFS(U$4<$C8,($L8-SUMIFS(销售取值基础数据!$J:$J,销售取值基础数据!$I:$I,$A8,销售取值基础数据!$B:$B,"<="&T$4))*80%/(180-T$4),U$4>=$C8,($L8-SUM(辅助表!$P8:U8))*80%/(180-T$4)),$A$2="销售计划（销售前）",$L8*80%/180,$A$2="达成情况",IF(U$4>=$C8,"实际销售数量未更新",IF($C8>U$4,SUMIFS(销售取值基础数据!$J:$J,销售取值基础数据!$I:$I,$A8,销售取值基础数据!$B:$B,U$4),"")/(_xlfn.IFS(U$4<$C8,($L8-SUMIFS(销售取值基础数据!$J:$J,销售取值基础数据!$I:$I,$A8,销售取值基础数据!$B:$B,"<="&T$4))*80%/(180-T$4),U$4>=$C8,($L8-SUM(辅助表!$P8:U8))*80%/(180-T$4)))),$A$2="实际销售",IF($C8>U$4,SUMIFS(销售取值基础数据!$J:$J,销售取值基础数据!$I:$I,$A8,销售取值基础数据!$B:$B,U$4),""))} -> 9.1954023 | V8: {=_xlfn.IFS($A$2="销售计划（销售后）",_xlfn.IFS(V$4<$C8,($L8-SUMIFS(销售取值基础数据!$J:$J,销售取值基础数据!$I:$I,$A8,销售取值基础数据!$B:$B,"<="&U$4))*80%/(180-U$4),V$4>=$C8,($L8-SUM(辅助表!$P8:V8))*80%/(180-U$4)),$A$2="销售计划（销售前）",$L8*80%/180,$A$2="达成情况",IF(V$4>=$C8,"实际销售数量未更新",IF($C8>V$4,SUMIFS(销售取值基础数据!$J:$J,销售取值基础数据!$I:$I,$A8,销售取值基础数据!$B:$B,V$4),"")/(_xlfn.IFS(V$4<$C8,($L8-SUMIFS(销售取值基础数据!$J:$J,销售取值基础数据!$I:$I,$A8,销售取值基础数据!$B:$B,"<="&U$4))*80%/(180-U$4),V$4>=$C8,($L8-SUM(辅助表!$P8:V8))*80%/(180-U$4)))),$A$2="实际销售",IF($C8>V$4,SUMIFS(销售取值基础数据!$J:$J,销售取值基础数据!$I:$I,$A8,销售取值基础数据!$B:$B,V$4),""))} -> 9.2485549 | W8: {=_xlfn.IFS($A$2="销售计划（销售后）",_xlfn.IFS(W$4<$C8,($L8-SUMIFS(销售取值基础数据!$J:$J,销售取值基础数据!$I:$I,$A8,销售取值基础数据!$B:$B,"<="&V$4))*80%/(180-V$4),W$4>=$C8,($L8-SUM(辅助表!$P8:W8))*80%/(180-V$4)),$A$2="销售计划（销售前）",$L8*80%/180,$A$2="达成情况",IF(W$4>=$C8,"实际销售数量未更新",IF($C8>W$4,SUMIFS(销售取值基础数据!$J:$J,销售取值基础数据!$I:$I,$A8,销售取值基础数据!$B:$B,W$4),"")/(_xlfn.IFS(W$4<$C8,($L8-SUMIFS(销售取值基础数据!$J:$J,销售取值基础数据!$I:$I,$A8,销售取值基础数据!$B:$B,"<="&V$4))*80%/(180-V$4),W$4>=$C8,($L8-SUM(辅助表!$P8:W8))*80%/(180-V$4)))),$A$2="实际销售",IF($C8>W$4,SUMIFS(销售取值基础数据!$J:$J,销售取值基础数据!$I:$I,$A8,销售取值基础数据!$B:$B,W$4),""))} -> 9.3023256 | ... AR8: {=_xlfn.IFS($A$2="销售计划（销售后）",_xlfn.IFS(AR$4<$C8,($L8-SUMIFS(销售取值基础数据!$J:$J,销售取值基础数据!$I:$I,$A8,销售取值基础数据!$B:$B,"<="&AQ$4))*80%/(180-AQ$4),AR$4>=$C8,($L8-SUM(辅助表!$P8:AR8))*80%/(180-AQ$4)),$A$2="销售计划（销售前）",$L8*80%/180,$A$2="达成情况",IF(AR$4>=$C8,"实际销售数量未更新",IF($C8>AR$4,SUMIFS(销售取值基础数据!$J:$J,销售取值基础数据!$I:$I,$A8,销售取值基础数据!$B:$B,AR$4),"")/(_xlfn.IFS(AR$4<$C8,($L8-SUMIFS(销售取值基础数据!$J:$J,销售取值基础数据!$I:$I,$A8,销售取值基础数据!$B:$B,"<="&AQ$4))*80%/(180-AQ$4),AR$4>=$C8,($L8-SUM(辅助表!$P8:AR8))*80%/(180-AQ$4)))),$A$2="实际销售",IF($C8>AR$4,SUMIFS(销售取值基础数据!$J:$J,销售取值基础数据!$I:$I,$A8,销售取值基础数据!$B:$B,AR$4),""))} -> 10.596026 | AS8: {=_xlfn.IFS($A$2="销售计划（销售后）",_xlfn.IFS(AS$4<$C8,($L8-SUMIFS(销售取值基础数据!$J:$J,销售取值基础数据!$I:$I,$A8,销售取值基础数据!$B:$B,"<="&AR$4))*110%/(180-AR$4),AS$4>=$C8,($L8-SUM(辅助表!$P8:AS8))*110%/(180-AR$4)),$A$2="销售计划（销售前）",$L8*80%/180,$A$2="达成情况",IF(AS$4>=$C8,"实际销售数量未更新",IF($C8>AS$4,SUMIFS(销售取值基础数据!$J:$J,销售取值基础数据!$I:$I,$A8,销售取值基础数据!$B:$B,AS$4),"")/_xlfn.IFS(AS$4<$C8,($L8-SUMIFS(销售取值基础数据!$J:$J,销售取值基础数据!$I:$I,$A8,销售取值基础数据!$B:$B,"<="&AR$4))*110%/(180-AR$4),AS$4>=$C8,($L8-SUM(辅助表!$P8:AS8))*110%/(180-AR$4))),$A$2="实际销售",IF($C8>AS$4,SUMIFS(销售取值基础数据!$J:$J,销售取值基础数据!$I:$I,$A8,销售取值基础数据!$B:$B,AS$4),""))} -> 14.666667 | AT8: {=_xlfn.IFS($A$2="销售计划（销售后）",_xlfn.IFS(AT$4<$C8,($L8-SUMIFS(销售取值基础数据!$J:$J,销售取值基础数据!$I:$I,$A8,销售取值基础数据!$B:$B,"<="&AS$4))*110%/(180-AS$4),AT$4>=$C8,($L8-SUM(辅助表!$P8:AT8))*110%/(180-AS$4)),$A$2="销售计划（销售前）",$L8*80%/180,$A$2="达成情况",IF(AT$4>=$C8,"实际销售数量未更新",IF($C8>AT$4,SUMIFS(销售取值基础数据!$J:$J,销售取值基础数据!$I:$I,$A8,销售取值基础数据!$B:$B,AT$4),"")/_xlfn.IFS(AT$4<$C8,($L8-SUMIFS(销售取值基础数据!$J:$J,销售取值基础数据!$I:$I,$A8,销售取值基础数据!$B:$B,"<="&AS$4))*110%/(180-AS$4),AT$4>=$C8,($L8-SUM(辅助表!$P8:AT8))*110%/(180-AS$4))),$A$2="实际销售",IF($C8>AT$4,SUMIFS(销售取值基础数据!$J:$J,销售取值基础数据!$I:$I,$A8,销售取值基础数据!$B:$B,AT$4),""))} -> 14.765101 | AU8: {=_xlfn.IFS($A$2="销售计划（销售后）",_xlfn.IFS(AU$4<$C8,($L8-SUMIFS(销售取值基础数据!$J:$J,销售取值基础数据!$I:$I,$A8,销售取值基础数据!$B:$B,"<="&AT$4))*110%/(180-AT$4),AU$4>=$C8,($L8-SUM(辅助表!$P8:AU8))*110%/(180-AT$4)),$A$2="销售计划（销售前）",$L8*80%/180,$A$2="达成情况",IF(AU$4>=$C8,"实际销售数量未更新",IF($C8>AU$4,SUMIFS(销售取值基础数据!$J:$J,销售取值基础数据!$I:$I,$A8,销售取值基础数据!$B:$B,AU$4),"")/_xlfn.IFS(AU$4<$C8,($L8-SUMIFS(销售取值基础数据!$J:$J,销售取值基础数据!$I:$I,$A8,销售取值基础数据!$B:$B,"<="&AT$4))*110%/(180-AT$4),AU$4>=$C8,($L8-SUM(辅助表!$P8:AU8))*110%/(180-AT$4))),$A$2="实际销售",IF($C8>AU$4,SUMIFS(销售取值基础数据!$J:$J,销售取值基础数据!$I:$I,$A8,销售取值基础数据!$B:$B,AU$4),""))} -> 14.864865 | AV8: {=_xlfn.IFS($A$2="销售计划（销售后）",_xlfn.IFS(AV$4<$C8,($L8-SUMIFS(销售取值基础数据!$J:$J,销售取值基础数据!$I:$I,$A8,销售取值基础数据!$B:$B,"<="&AU$4))*110%/(180-AU$4),AV$4>=$C8,($L8-SUM(辅助表!$P8:AV8))*110%/(180-AU$4)),$A$2="销售计划（销售前）",$L8*80%/180,$A$2="达成情况",IF(AV$4>=$C8,"实际销售数量未更新",IF($C8>AV$4,SUMIFS(销售取值基础数据!$J:$J,销售取值基础数据!$I:$I,$A8,销售取值基础数据!$B:$B,AV$4),"")/_xlfn.IFS(AV$4<$C8,($L8-SUMIFS(销售取值基础数据!$J:$J,销售取值基础数据!$I:$I,$A8,销售取值基础数据!$B:$B,"<="&AU$4))*110%/(180-AU$4),AV$4>=$C8,($L8-SUM(辅助表!$P8:AV8))*110%/(180-AU$4))),$A$2="实际销售",IF($C8>AV$4,SUMIFS(销售取值基础数据!$J:$J,销售取值基础数据!$I:$I,$A8,销售取值基础数据!$B:$B,AV$4),""))} -> 14.965986 | AW8: {=_xlfn.IFS($A$2="销售计划（销售后）",_xlfn.IFS(AW$4<$C8,($L8-SUMIFS(销售取值基础数据!$J:$J,销售取值基础数据!$I:$I,$A8,销售取值基础数据!$B:$B,"<="&AV$4))*110%/(180-AV$4),AW$4>=$C8,($L8-SUM(辅助表!$P8:AW8))*110%/(180-AV$4)),$A$2="销售计划（销售前）",$L8*80%/180,$A$2="达成情况",IF(AW$4>=$C8,"实际销售数量未更新",IF($C8>AW$4,SUMIFS(销售取值基础数据!$J:$J,销售取值基础数据!$I:$I,$A8,销售取值基础数据!$B:$B,AW$4),"")/_xlfn.IFS(AW$4<$C8,($L8-SUMIFS(销售取值基础数据!$J:$J,销售取值基础数据!$I:$I,$A8,销售取值基础数据!$B:$B,"<="&AV$4))*110%/(180-AV$4),AW$4>=$C8,($L8-SUM(辅助表!$P8:AW8))*110%/(180-AV$4))),$A$2="实际销售",IF($C8>AW$4,SUMIFS(销售取值基础数据!$J:$J,销售取值基础数据!$I:$I,$A8,销售取值基础数据!$B:$B,AW$4),""))} -> 15.068493 | AX8: {=_xlfn.IFS($A$2="销售计划（销售后）",_xlfn.IFS(AX$4<$C8,($L8-SUMIFS(销售取值基础数据!$J:$J,销售取值基础数据!$I:$I,$A8,销售取值基础数据!$B:$B,"<="&AW$4))*110%/(180-AW$4),AX$4>=$C8,($L8-SUM(辅助表!$P8:AX8))*110%/(180-AW$4)),$A$2="销售计划（销售前）",$L8*80%/180,$A$2="达成情况",IF(AX$4>=$C8,"实际销售数量未更新",IF($C8>AX$4,SUMIFS(销售取值基础数据!$J:$J,销售取值基础数据!$I:$I,$A8,销售取值基础数据!$B:$B,AX$4),"")/_xlfn.IFS(AX$4<$C8,($L8-SUMIFS(销售取值基础数据!$J:$J,销售取值基础数据!$I:$I,$A8,销售取值基础数据!$B:$B,"<="&AW$4))*110%/(180-AW$4),AX$4>=$C8,($L8-SUM(辅助表!$P8:AX8))*110%/(180-AW$4))),$A$2="实际销售",IF($C8>AX$4,SUMIFS(销售取值基础数据!$J:$J,销售取值基础数据!$I:$I,$A8,销售取值基础数据!$B:$B,AX$4),""))} -> 15.172414 | AY8: {=_xlfn.IFS($A$2="销售计划（销售后）",_xlfn.IFS(AY$4<$C8,($L8-SUMIFS(销售取值基础数据!$J:$J,销售取值基础数据!$I:$I,$A8,销售取值基础数据!$B:$B,"<="&AX$4))*110%/(180-AX$4),AY$4>=$C8,($L8-SUM(辅助表!$P8:AY8))*110%/(180-AX$4)),$A$2="销售计划（销售前）",$L8*80%/180,$A$2="达成情况",IF(AY$4>=$C8,"实际销售数量未更新",IF($C8>AY$4,SUMIFS(销售取值基础数据!$J:$J,销售取值基础数据!$I:$I,$A8,销售取值基础数据!$B:$B,AY$4),"")/_xlfn.IFS(AY$4<$C8,($L8-SUMIFS(销售取值基础数据!$J:$J,销售取值基础数据!$I:$I,$A8,销售取值基础数据!$B:$B,"<="&AX$4))*110%/(180-AX$4),AY$4>=$C8,($L8-SUM(辅助表!$P8:AY8))*110%/(180-AX$4))),$A$2="实际销售",IF($C8>AY$4,SUMIFS(销售取值基础数据!$J:$J,销售取值基础数据!$I:$I,$A8,销售取值基础数据!$B:$B,AY$4),""))} -> 15.277778 | AZ8: {=_xlfn.IFS($A$2="销售计划（销售后）",_xlfn.IFS(AZ$4<$C8,($L8-SUMIFS(销售取值基础数据!$J:$J,销售取值基础数据!$I:$I,$A8,销售取值基础数据!$B:$B,"<="&AY$4))*110%/(180-AY$4),AZ$4>=$C8,($L8-SUM(辅助表!$P8:AZ8))*110%/(180-AY$4)),$A$2="销售计划（销售前）",$L8*80%/180,$A$2="达成情况",IF(AZ$4>=$C8,"实际销售数量未更新",IF($C8>AZ$4,SUMIFS(销售取值基础数据!$J:$J,销售取值基础数据!$I:$I,$A8,销售取值基础数据!$B:$B,AZ$4),"")/_xlfn.IFS(AZ$4<$C8,($L8-SUMIFS(销售取值基础数据!$J:$J,销售取值基础数据!$I:$I,$A8,销售取值基础数据!$B:$B,"<="&AY$4))*110%/(180-AY$4),AZ$4>=$C8,($L8-SUM(辅助表!$P8:AZ8))*110%/(180-AY$4))),$A$2="实际销售",IF($C8>AZ$4,SUMIFS(销售取值基础数据!$J:$J,销售取值基础数据!$I:$I,$A8,销售取值基础数据!$B:$B,AZ$4),""))} -> 15.384615 | ... ED8: {=_xlfn.IFS($A$2="销售计划（销售后）",_xlfn.IFS(ED$4<$C8,($L8-SUMIFS(销售取值基础数据!$J:$J,销售取值基础数据!$I:$I,$A8,销售取值基础数据!$B:$B,"<="&EC$4))*110%/(180-EC$4),ED$4>=$C8,($L8-SUM(辅助表!$P8:ED8))*110%/(180-EC$4)),$A$2="销售计划（销售前）",$L8*80%/180,$A$2="达成情况",IF(ED$4>=$C8,"实际销售数量未更新",IF($C8>ED$4,SUMIFS(销售取值基础数据!$J:$J,销售取值基础数据!$I:$I,$A8,销售取值基础数据!$B:$B,ED$4),"")/_xlfn.IFS(ED$4<$C8,($L8-SUMIFS(销售取值基础数据!$J:$J,销售取值基础数据!$I:$I,$A8,销售取值基础数据!$B:$B,"<="&EC$4))*110%/(180-EC$4),ED$4>=$C8,($L8-SUM(辅助表!$P8:ED8))*110%/(180-EC$4))),$A$2="实际销售",IF($C8>ED$4,SUMIFS(销售取值基础数据!$J:$J,销售取值基础数据!$I:$I,$A8,销售取值基础数据!$B:$B,ED$4),""))} -> 36.065574 | EE8: {=_xlfn.IFS($A$2="销售计划（销售后）",_xlfn.IFS(EE$4<$C8,($L8-SUMIFS(销售取值基础数据!$J:$J,销售取值基础数据!$I:$I,$A8,销售取值基础数据!$B:$B,"<="&ED$4))*100%/(180-ED$4),EE$4>=$C8,($L8-SUM(辅助表!$P8:EE8))*100%/(180-ED$4)),$A$2="销售计划（销售前）",$L8*80%/180,$A$2="达成情况",IF(EE$4>=$C8,"实际销售数量未更新",IF($C8>EE$4,SUMIFS(销售取值基础数据!$J:$J,销售取值基础数据!$I:$I,$A8,销售取值基础数据!$B:$B,EE$4),"")/(_xlfn.IFS(EE$4<$C8,($L8-SUMIFS(销售取值基础数据!$J:$J,销售取值基础数据!$I:$I,$A8,销售取值基础数据!$B:$B,"<="&ED$4))*100%/(180-ED$4),EE$4>=$C8,($L8-SUM(辅助表!$P8:EE8))*100%/(180-ED$4)))),$A$2="实际销售",IF($C8>EE$4,SUMIFS(销售取值基础数据!$J:$J,销售取值基础数据!$I:$I,$A8,销售取值基础数据!$B:$B,EE$4),""))} -> 33.333333 | EF8: {=_xlfn.IFS($A$2="销售计划（销售后）",_xlfn.IFS(EF$4<$C8,($L8-SUMIFS(销售取值基础数据!$J:$J,销售取值基础数据!$I:$I,$A8,销售取值基础数据!$B:$B,"<="&EE$4))*100%/(180-EE$4),EF$4>=$C8,($L8-SUM(辅助表!$P8:EF8))*100%/(180-EE$4)),$A$2="销售计划（销售前）",$L8*80%/180,$A$2="达成情况",IF(EF$4>=$C8,"实际销售数量未更新",IF($C8>EF$4,SUMIFS(销售取值基础数据!$J:$J,销售取值基础数据!$I:$I,$A8,销售取值基础数据!$B:$B,EF$4),"")/(_xlfn.IFS(EF$4<$C8,($L8-SUMIFS(销售取值基础数据!$J:$J,销售取值基础数据!$I:$I,$A8,销售取值基础数据!$B:$B,"<="&EE$4))*100%/(180-EE$4),EF$4>=$C8,($L8-SUM(辅助表!$P8:EF8))*100%/(180-EE$4)))),$A$2="实际销售",IF($C8>EF$4,SUMIFS(销售取值基础数据!$J:$J,销售取值基础数据!$I:$I,$A8,销售取值基础数据!$B:$B,EF$4),""))} -> 33.898305 | EG8: {=_xlfn.IFS($A$2="销售计划（销售后）",_xlfn.IFS(EG$4<$C8,($L8-SUMIFS(销售取值基础数据!$J:$J,销售取值基础数据!$I:$I,$A8,销售取值基础数据!$B:$B,"<="&EF$4))*100%/(180-EF$4),EG$4>=$C8,($L8-SUM(辅助表!$P8:EG8))*100%/(180-EF$4)),$A$2="销售计划（销售前）",$L8*80%/180,$A$2="达成情况",IF(EG$4>=$C8,"实际销售数量未更新",IF($C8>EG$4,SUMIFS(销售取值基础数据!$J:$J,销售取值基础数据!$I:$I,$A8,销售取值基础数据!$B:$B,EG$4),"")/(_xlfn.IFS(EG$4<$C8,($L8-SUMIFS(销售取值基础数据!$J:$J,销售取值基础数据!$I:$I,$A8,销售取值基础数据!$B:$B,"<="&EF$4))*100%/(180-EF$4),EG$4>=$C8,($L8-SUM(辅助表!$P8:EG8))*100%/(180-EF$4)))),$A$2="实际销售",IF($C8>EG$4,SUMIFS(销售取值基础数据!$J:$J,销售取值基础数据!$I:$I,$A8,销售取值基础数据!$B:$B,EG$4),""))} -> 34.482759 | EH8: {=_xlfn.IFS($A$2="销售计划（销售后）",_xlfn.IFS(EH$4<$C8,($L8-SUMIFS(销售取值基础数据!$J:$J,销售取值基础数据!$I:$I,$A8,销售取值基础数据!$B:$B,"<="&EG$4))*100%/(180-EG$4),EH$4>=$C8,($L8-SUM(辅助表!$P8:EH8))*100%/(180-EG$4)),$A$2="销售计划（销售前）",$L8*80%/180,$A$2="达成情况",IF(EH$4>=$C8,"实际销售数量未更新",IF($C8>EH$4,SUMIFS(销售取值基础数据!$J:$J,销售取值基础数据!$I:$I,$A8,销售取值基础数据!$B:$B,EH$4),"")/(_xlfn.IFS(EH$4<$C8,($L8-SUMIFS(销售取值基础数据!$J:$J,销售取值基础数据!$I:$I,$A8,销售取值基础数据!$B:$B,"<="&EG$4))*100%/(180-EG$4),EH$4>=$C8,($L8-SUM(辅助表!$P8:EH8))*100%/(180-EG$4)))),$A$2="实际销售",IF($C8>EH$4,SUMIFS(销售取值基础数据!$J:$J,销售取值基础数据!$I:$I,$A8,销售取值基础数据!$B:$B,EH$4),""))} -> 35.087719 | EI8: {=_xlfn.IFS($A$2="销售计划（销售后）",_xlfn.IFS(EI$4<$C8,($L8-SUMIFS(销售取值基础数据!$J:$J,销售取值基础数据!$I:$I,$A8,销售取值基础数据!$B:$B,"<="&EH$4))*100%/(180-EH$4),EI$4>=$C8,($L8-SUM(辅助表!$P8:EI8))*100%/(180-EH$4)),$A$2="销售计划（销售前）",$L8*80%/180,$A$2="达成情况",IF(EI$4>=$C8,"实际销售数量未更新",IF($C8>EI$4,SUMIFS(销售取值基础数据!$J:$J,销售取值基础数据!$I:$I,$A8,销售取值基础数据!$B:$B,EI$4),"")/(_xlfn.IFS(EI$4<$C8,($L8-SUMIFS(销售取值基础数据!$J:$J,销售取值基础数据!$I:$I,$A8,销售取值基础数据!$B:$B,"<="&EH$4))*100%/(180-EH$4),EI$4>=$C8,($L8-SUM(辅助表!$P8:EI8))*100%/(180-EH$4)))),$A$2="实际销售",IF($C8>EI$4,SUMIFS(销售取值基础数据!$J:$J,销售取值基础数据!$I:$I,$A8,销售取值基础数据!$B:$B,EI$4),""))} -> 35.714286 | EJ8: {=_xlfn.IFS($A$2="销售计划（销售后）",_xlfn.IFS(EJ$4<$C8,($L8-SUMIFS(销售取值基础数据!$J:$J,销售取值基础数据!$I:$I,$A8,销售取值基础数据!$B:$B,"<="&EI$4))*100%/(180-EI$4),EJ$4>=$C8,($L8-SUM(辅助表!$P8:EJ8))*100%/(180-EI$4)),$A$2="销售计划（销售前）",$L8*80%/180,$A$2="达成情况",IF(EJ$4>=$C8,"实际销售数量未更新",IF($C8>EJ$4,SUMIFS(销售取值基础数据!$J:$J,销售取值基础数据!$I:$I,$A8,销售取值基础数据!$B:$B,EJ$4),"")/(_xlfn.IFS(EJ$4<$C8,($L8-SUMIFS(销售取值基础数据!$J:$J,销售取值基础数据!$I:$I,$A8,销售取值基础数据!$B:$B,"<="&EI$4))*100%/(180-EI$4),EJ$4>=$C8,($L8-SUM(辅助表!$P8:EJ8))*100%/(180-EI$4)))),$A$2="实际销售",IF($C8>EJ$4,SUMIFS(销售取值基础数据!$J:$J,销售取值基础数据!$I:$I,$A8,销售取值基础数据!$B:$B,EJ$4),""))} -> 36.363636 | EK8: {=_xlfn.IFS($A$2="销售计划（销售后）",_xlfn.IFS(EK$4<$C8,($L8-SUMIFS(销售取值基础数据!$J:$J,销售取值基础数据!$I:$I,$A8,销售取值基础数据!$B:$B,"<="&EJ$4))*100%/(180-EJ$4),EK$4>=$C8,($L8-SUM(辅助表!$P8:EK8))*100%/(180-EJ$4)),$A$2="销售计划（销售前）",$L8*80%/180,$A$2="达成情况",IF(EK$4>=$C8,"实际销售数量未更新",IF($C8>EK$4,SUMIFS(销售取值基础数据!$J:$J,销售取值基础数据!$I:$I,$A8,销售取值基础数据!$B:$B,EK$4),"")/(_xlfn.IFS(EK$4<$C8,($L8-SUMIFS(销售取值基础数据!$J:$J,销售取值基础数据!$I:$I,$A8,销售取值基础数据!$B:$B,"<="&EJ$4))*100%/(180-EJ$4),EK$4>=$C8,($L8-SUM(辅助表!$P8:EK8))*100%/(180-EJ$4)))),$A$2="实际销售",IF($C8>EK$4,SUMIFS(销售取值基础数据!$J:$J,销售取值基础数据!$I:$I,$A8,销售取值基础数据!$B:$B,EK$4),""))} -> 37.037037 | EL8: {=_xlfn.IFS($A$2="销售计划（销售后）",_xlfn.IFS(EL$4<$C8,($L8-SUMIFS(销售取值基础数据!$J:$J,销售取值基础数据!$I:$I,$A8,销售取值基础数据!$B:$B,"<="&EK$4))*100%/(180-EK$4),EL$4>=$C8,($L8-SUM(辅助表!$P8:EL8))*100%/(180-EK$4)),$A$2="销售计划（销售前）",$L8*80%/180,$A$2="达成情况",IF(EL$4>=$C8,"实际销售数量未更新",IF($C8>EL$4,SUMIFS(销售取值基础数据!$J:$J,销售取值基础数据!$I:$I,$A8,销售取值基础数据!$B:$B,EL$4),"")/(_xlfn.IFS(EL$4<$C8,($L8-SUMIFS(销售取值基础数据!$J:$J,销售取值基础数据!$I:$I,$A8,销售取值基础数据!$B:$B,"<="&EK$4))*100%/(180-EK$4),EL$4>=$C8,($L8-SUM(辅助表!$P8:EL8))*100%/(180-EK$4)))),$A$2="实际销售",IF($C8>EL$4,SUMIFS(销售取值基础数据!$J:$J,销售取值基础数据!$I:$I,$A8,销售取值基础数据!$B:$B,EL$4),""))} -> 37.735849 | ... GL8: {=_xlfn.IFS($A$2="销售计划（销售后）",_xlfn.IFS(GL$4<$C8,($L8-SUMIFS(销售取值基础数据!$J:$J,销售取值基础数据!$I:$I,$A8,销售取值基础数据!$B:$B,"<="&GK$4))*100%/(180-GK$4),GL$4>=$C8,($L8-SUM(辅助表!$P8:GL8))*100%/(180-GK$4)),$A$2="销售计划（销售前）",$L8*80%/180,$A$2="达成情况",IF(GL$4>=$C8,"实际销售数量未更新",IF($C8>GL$4,SUMIFS(销售取值基础数据!$J:$J,销售取值基础数据!$I:$I,$A8,销售取值基础数据!$B:$B,GL$4),"")/(_xlfn.IFS(GL$4<$C8,($L8-SUMIFS(销售取值基础数据!$J:$J,销售取值基础数据!$I:$I,$A8,销售取值基础数据!$B:$B,"<="&GK$4))*100%/(180-GK$4),GL$4>=$C8,($L8-SUM(辅助表!$P8:GL8))*100%/(180-GK$4)))),$A$2="实际销售",IF($C8>GL$4,SUMIFS(销售取值基础数据!$J:$J,销售取值基础数据!$I:$I,$A8,销售取值基础数据!$B:$B,GL$4),""))} -> 2000
C9: =TODAY()-B9+1 -> 46204 | D9: {=_xlfn.IFS(AND(TODAY()-B9<=30,TODAY()-B9>=0),"新品期",AND(TODAY()-B9>=31,TODAY()-B9<=120),"热销期",AND(TODAY()-B9>=121,TODAY()-B9<=180),"清货期",TODAY()-B9>180,"滞销")} -> 滞销 | E9: =L9-G9 -> 0 | F9: =E9/(SUMIFS(销售取值基础数据!J:J,销售取值基础数据!I:I,A9,销售取值基础数据!F:F,"可取")/30) -> #DIV/0! | G9: =SUMIF(销售取值基础数据!I:I,A9,销售取值基础数据!J:J) -> 0 | H9: =G9/L9 -> #DIV/0! | I9: =M9/'销售计划（销售前）'!M9 -> #NAME? | J9: =SUMIFS(销售取值基础数据!J:J,销售取值基础数据!I:I,A9,销售取值基础数据!E:E,"可取")/SUM(INDEX('销售计划（销售前）'!R9:GO9,C9-1):INDEX('销售计划（销售前）'!R9:GO9,C9-7)) -> #REF! | K9: =SUMIFS(销售取值基础数据!J:J,销售取值基础数据!I:I,A9,销售取值基础数据!F:F,"可取")/SUM(INDEX('销售计划（销售前）'!R9:GO9,C9-1):INDEX('销售计划（销售前）'!R9:GO9,C9-30)) -> #REF! | M9: =_xlfn.XLOOKUP(A9,销售取值基础数据!I:I,销售取值基础数据!J:J,0,0,-1) -> #NAME? | N9: {=IF($A$2="销售计划（销售后）",IF(C9>180,"0",INDEX(O9:GL9,C9)),"")} -> 0 | O9: {=_xlfn.IFS($A$2="销售计划（销售后）",$L9*80%/180,$A$2="销售计划（销售前）",$L9*80%/180,$A$2="达成情况",IF(O$4>=$C9,"实际销售数量未更新",SUMIFS(销售取值基础数据!J:J,销售取值基础数据!I:I,A9,销售取值基础数据!B:B,$O$4)/($L9*80%/180)),$A$2="实际销售",SUMIFS(销售取值基础数据!J:J,销售取值基础数据!I:I,A9,销售取值基础数据!B:B,$O$4))} -> 0 | P9: {=_xlfn.IFS($A$2="销售计划（销售后）",_xlfn.IFS(P$4<$C9,($L9-SUMIFS(销售取值基础数据!$J:$J,销售取值基础数据!$I:$I,$A9,销售取值基础数据!$B:$B,"<="&O$4))*80%/(180-O$4),P$4>=$C9,($L9-SUM(辅助表!$P9:P9))*80%/(180-O$4)),$A$2="销售计划（销售前）",$L9*80%/180,$A$2="达成情况",IF(P$4>=$C9,"实际销售数量未更新",IF($C9>P$4,SUMIFS(销售取值基础数据!$J:$J,销售取值基础数据!$I:$I,$A9,销售取值基础数据!$B:$B,P$4),"")/(_xlfn.IFS(P$4<$C9,($L9-SUMIFS(销售取值基础数据!$J:$J,销售取值基础数据!$I:$I,$A9,销售取值基础数据!$B:$B,"<="&O$4))*80%/(180-O$4),P$4>=$C9,($L9-SUM(辅助表!$P9:P9))*80%/(180-O$4)))),$A$2="实际销售",IF($C9>P$4,SUMIFS(销售取值基础数据!$J:$J,销售取值基础数据!$I:$I,$A9,销售取值基础数据!$B:$B,P$4),""))} -> 0 | Q9: {=_xlfn.IFS($A$2="销售计划（销售后）",_xlfn.IFS(Q$4<$C9,($L9-SUMIFS(销售取值基础数据!$J:$J,销售取值基础数据!$I:$I,$A9,销售取值基础数据!$B:$B,"<="&P$4))*80%/(180-P$4),Q$4>=$C9,($L9-SUM(辅助表!$P9:Q9))*80%/(180-P$4)),$A$2="销售计划（销售前）",$L9*80%/180,$A$2="达成情况",IF(Q$4>=$C9,"实际销售数量未更新",IF($C9>Q$4,SUMIFS(销售取值基础数据!$J:$J,销售取值基础数据!$I:$I,$A9,销售取值基础数据!$B:$B,Q$4),"")/(_xlfn.IFS(Q$4<$C9,($L9-SUMIFS(销售取值基础数据!$J:$J,销售取值基础数据!$I:$I,$A9,销售取值基础数据!$B:$B,"<="&P$4))*80%/(180-P$4),Q$4>=$C9,($L9-SUM(辅助表!$P9:Q9))*80%/(180-P$4)))),$A$2="实际销售",IF($C9>Q$4,SUMIFS(销售取值基础数据!$J:$J,销售取值基础数据!$I:$I,$A9,销售取值基础数据!$B:$B,Q$4),""))} -> 0 | R9: {=_xlfn.IFS($A$2="销售计划（销售后）",_xlfn.IFS(R$4<$C9,($L9-SUMIFS(销售取值基础数据!$J:$J,销售取值基础数据!$I:$I,$A9,销售取值基础数据!$B:$B,"<="&Q$4))*80%/(180-Q$4),R$4>=$C9,($L9-SUM(辅助表!$P9:R9))*80%/(180-Q$4)),$A$2="销售计划（销售前）",$L9*80%/180,$A$2="达成情况",IF(R$4>=$C9,"实际销售数量未更新",IF($C9>R$4,SUMIFS(销售取值基础数据!$J:$J,销售取值基础数据!$I:$I,$A9,销售取值基础数据!$B:$B,R$4),"")/(_xlfn.IFS(R$4<$C9,($L9-SUMIFS(销售取值基础数据!$J:$J,销售取值基础数据!$I:$I,$A9,销售取值基础数据!$B:$B,"<="&Q$4))*80%/(180-Q$4),R$4>=$C9,($L9-SUM(辅助表!$P9:R9))*80%/(180-Q$4)))),$A$2="实际销售",IF($C9>R$4,SUMIFS(销售取值基础数据!$J:$J,销售取值基础数据!$I:$I,$A9,销售取值基础数据!$B:$B,R$4),""))} -> 0 | S9: {=_xlfn.IFS($A$2="销售计划（销售后）",_xlfn.IFS(S$4<$C9,($L9-SUMIFS(销售取值基础数据!$J:$J,销售取值基础数据!$I:$I,$A9,销售取值基础数据!$B:$B,"<="&R$4))*80%/(180-R$4),S$4>=$C9,($L9-SUM(辅助表!$P9:S9))*80%/(180-R$4)),$A$2="销售计划（销售前）",$L9*80%/180,$A$2="达成情况",IF(S$4>=$C9,"实际销售数量未更新",IF($C9>S$4,SUMIFS(销售取值基础数据!$J:$J,销售取值基础数据!$I:$I,$A9,销售取值基础数据!$B:$B,S$4),"")/(_xlfn.IFS(S$4<$C9,($L9-SUMIFS(销售取值基础数据!$J:$J,销售取值基础数据!$I:$I,$A9,销售取值基础数据!$B:$B,"<="&R$4))*80%/(180-R$4),S$4>=$C9,($L9-SUM(辅助表!$P9:S9))*80%/(180-R$4)))),$A$2="实际销售",IF($C9>S$4,SUMIFS(销售取值基础数据!$J:$J,销售取值基础数据!$I:$I,$A9,销售取值基础数据!$B:$B,S$4),""))} -> 0 | T9: {=_xlfn.IFS($A$2="销售计划（销售后）",_xlfn.IFS(T$4<$C9,($L9-SUMIFS(销售取值基础数据!$J:$J,销售取值基础数据!$I:$I,$A9,销售取值基础数据!$B:$B,"<="&S$4))*80%/(180-S$4),T$4>=$C9,($L9-SUM(辅助表!$P9:T9))*80%/(180-S$4)),$A$2="销售计划（销售前）",$L9*80%/180,$A$2="达成情况",IF(T$4>=$C9,"实际销售数量未更新",IF($C9>T$4,SUMIFS(销售取值基础数据!$J:$J,销售取值基础数据!$I:$I,$A9,销售取值基础数据!$B:$B,T$4),"")/(_xlfn.IFS(T$4<$C9,($L9-SUMIFS(销售取值基础数据!$J:$J,销售取值基础数据!$I:$I,$A9,销售取值基础数据!$B:$B,"<="&S$4))*80%/(180-S$4),T$4>=$C9,($L9-SUM(辅助表!$P9:T9))*80%/(180-S$4)))),$A$2="实际销售",IF($C9>T$4,SUMIFS(销售取值基础数据!$J:$J,销售取值基础数据!$I:$I,$A9,销售取值基础数据!$B:$B,T$4),""))} -> 0 | U9: {=_xlfn.IFS($A$2="销售计划（销售后）",_xlfn.IFS(U$4<$C9,($L9-SUMIFS(销售取值基础数据!$J:$J,销售取值基础数据!$I:$I,$A9,销售取值基础数据!$B:$B,"<="&T$4))*80%/(180-T$4),U$4>=$C9,($L9-SUM(辅助表!$P9:U9))*80%/(180-T$4)),$A$2="销售计划（销售前）",$L9*80%/180,$A$2="达成情况",IF(U$4>=$C9,"实际销售数量未更新",IF($C9>U$4,SUMIFS(销售取值基础数据!$J:$J,销售取值基础数据!$I:$I,$A9,销售取值基础数据!$B:$B,U$4),"")/(_xlfn.IFS(U$4<$C9,($L9-SUMIFS(销售取值基础数据!$J:$J,销售取值基础数据!$I:$I,$A9,销售取值基础数据!$B:$B,"<="&T$4))*80%/(180-T$4),U$4>=$C9,($L9-SUM(辅助表!$P9:U9))*80%/(180-T$4)))),$A$2="实际销售",IF($C9>U$4,SUMIFS(销售取值基础数据!$J:$J,销售取值基础数据!$I:$I,$A9,销售取值基础数据!$B:$B,U$4),""))} -> 0 | V9: {=_xlfn.IFS($A$2="销售计划（销售后）",_xlfn.IFS(V$4<$C9,($L9-SUMIFS(销售取值基础数据!$J:$J,销售取值基础数据!$I:$I,$A9,销售取值基础数据!$B:$B,"<="&U$4))*80%/(180-U$4),V$4>=$C9,($L9-SUM(辅助表!$P9:V9))*80%/(180-U$4)),$A$2="销售计划（销售前）",$L9*80%/180,$A$2="达成情况",IF(V$4>=$C9,"实际销售数量未更新",IF($C9>V$4,SUMIFS(销售取值基础数据!$J:$J,销售取值基础数据!$I:$I,$A9,销售取值基础数据!$B:$B,V$4),"")/(_xlfn.IFS(V$4<$C9,($L9-SUMIFS(销售取值基础数据!$J:$J,销售取值基础数据!$I:$I,$A9,销售取值基础数据!$B:$B,"<="&U$4))*80%/(180-U$4),V$4>=$C9,($L9-SUM(辅助表!$P9:V9))*80%/(180-U$4)))),$A$2="实际销售",IF($C9>V$4,SUMIFS(销售取值基础数据!$J:$J,销售取值基础数据!$I:$I,$A9,销售取值基础数据!$B:$B,V$4),""))} -> 0 | W9: {=_xlfn.IFS($A$2="销售计划（销售后）",_xlfn.IFS(W$4<$C9,($L9-SUMIFS(销售取值基础数据!$J:$J,销售取值基础数据!$I:$I,$A9,销售取值基础数据!$B:$B,"<="&V$4))*80%/(180-V$4),W$4>=$C9,($L9-SUM(辅助表!$P9:W9))*80%/(180-V$4)),$A$2="销售计划（销售前）",$L9*80%/180,$A$2="达成情况",IF(W$4>=$C9,"实际销售数量未更新",IF($C9>W$4,SUMIFS(销售取值基础数据!$J:$J,销售取值基础数据!$I:$I,$A9,销售取值基础数据!$B:$B,W$4),"")/(_xlfn.IFS(W$4<$C9,($L9-SUMIFS(销售取值基础数据!$J:$J,销售取值基础数据!$I:$I,$A9,销售取值基础数据!$B:$B,"<="&V$4))*80%/(180-V$4),W$4>=$C9,($L9-SUM(辅助表!$P9:W9))*80%/(180-V$4)))),$A$2="实际销售",IF($C9>W$4,SUMIFS(销售取值基础数据!$J:$J,销售取值基础数据!$I:$I,$A9,销售取值基础数据!$B:$B,W$4),""))} -> 0 | ... AR9: {=_xlfn.IFS($A$2="销售计划（销售后）",_xlfn.IFS(AR$4<$C9,($L9-SUMIFS(销售取值基础数据!$J:$J,销售取值基础数据!$I:$I,$A9,销售取值基础数据!$B:$B,"<="&AQ$4))*80%/(180-AQ$4),AR$4>=$C9,($L9-SUM(辅助表!$P9:AR9))*80%/(180-AQ$4)),$A$2="销售计划（销售前）",$L9*80%/180,$A$2="达成情况",IF(AR$4>=$C9,"实际销售数量未更新",IF($C9>AR$4,SUMIFS(销售取值基础数据!$J:$J,销售取值基础数据!$I:$I,$A9,销售取值基础数据!$B:$B,AR$4),"")/(_xlfn.IFS(AR$4<$C9,($L9-SUMIFS(销售取值基础数据!$J:$J,销售取值基础数据!$I:$I,$A9,销售取值基础数据!$B:$B,"<="&AQ$4))*80%/(180-AQ$4),AR$4>=$C9,($L9-SUM(辅助表!$P9:AR9))*80%/(180-AQ$4)))),$A$2="实际销售",IF($C9>AR$4,SUMIFS(销售取值基础数据!$J:$J,销售取值基础数据!$I:$I,$A9,销售取值基础数据!$B:$B,AR$4),""))} -> 0 | AS9: {=_xlfn.IFS($A$2="销售计划（销售后）",_xlfn.IFS(AS$4<$C9,($L9-SUMIFS(销售取值基础数据!$J:$J,销售取值基础数据!$I:$I,$A9,销售取值基础数据!$B:$B,"<="&AR$4))*110%/(180-AR$4),AS$4>=$C9,($L9-SUM(辅助表!$P9:AS9))*110%/(180-AR$4)),$A$2="销售计划（销售前）",$L9*80%/180,$A$2="达成情况",IF(AS$4>=$C9,"实际销售数量未更新",IF($C9>AS$4,SUMIFS(销售取值基础数据!$J:$J,销售取值基础数据!$I:$I,$A9,销售取值基础数据!$B:$B,AS$4),"")/_xlfn.IFS(AS$4<$C9,($L9-SUMIFS(销售取值基础数据!$J:$J,销售取值基础数据!$I:$I,$A9,销售取值基础数据!$B:$B,"<="&AR$4))*110%/(180-AR$4),AS$4>=$C9,($L9-SUM(辅助表!$P9:AS9))*110%/(180-AR$4))),$A$2="实际销售",IF($C9>AS$4,SUMIFS(销售取值基础数据!$J:$J,销售取值基础数据!$I:$I,$A9,销售取值基础数据!$B:$B,AS$4),""))} -> 0 | AT9: {=_xlfn.IFS($A$2="销售计划（销售后）",_xlfn.IFS(AT$4<$C9,($L9-SUMIFS(销售取值基础数据!$J:$J,销售取值基础数据!$I:$I,$A9,销售取值基础数据!$B:$B,"<="&AS$4))*110%/(180-AS$4),AT$4>=$C9,($L9-SUM(辅助表!$P9:AT9))*110%/(180-AS$4)),$A$2="销售计划（销售前）",$L9*80%/180,$A$2="达成情况",IF(AT$4>=$C9,"实际销售数量未更新",IF($C9>AT$4,SUMIFS(销售取值基础数据!$J:$J,销售取值基础数据!$I:$I,$A9,销售取值基础数据!$B:$B,AT$4),"")/_xlfn.IFS(AT$4<$C9,($L9-SUMIFS(销售取值基础数据!$J:$J,销售取值基础数据!$I:$I,$A9,销售取值基础数据!$B:$B,"<="&AS$4))*110%/(180-AS$4),AT$4>=$C9,($L9-SUM(辅助表!$P9:AT9))*110%/(180-AS$4))),$A$2="实际销售",IF($C9>AT$4,SUMIFS(销售取值基础数据!$J:$J,销售取值基础数据!$I:$I,$A9,销售取值基础数据!$B:$B,AT$4),""))} -> 0 | AU9: {=_xlfn.IFS($A$2="销售计划（销售后）",_xlfn.IFS(AU$4<$C9,($L9-SUMIFS(销售取值基础数据!$J:$J,销售取值基础数据!$I:$I,$A9,销售取值基础数据!$B:$B,"<="&AT$4))*110%/(180-AT$4),AU$4>=$C9,($L9-SUM(辅助表!$P9:AU9))*110%/(180-AT$4)),$A$2="销售计划（销售前）",$L9*80%/180,$A$2="达成情况",IF(AU$4>=$C9,"实际销售数量未更新",IF($C9>AU$4,SUMIFS(销售取值基础数据!$J:$J,销售取值基础数据!$I:$I,$A9,销售取值基础数据!$B:$B,AU$4),"")/_xlfn.IFS(AU$4<$C9,($L9-SUMIFS(销售取值基础数据!$J:$J,销售取值基础数据!$I:$I,$A9,销售取值基础数据!$B:$B,"<="&AT$4))*110%/(180-AT$4),AU$4>=$C9,($L9-SUM(辅助表!$P9:AU9))*110%/(180-AT$4))),$A$2="实际销售",IF($C9>AU$4,SUMIFS(销售取值基础数据!$J:$J,销售取值基础数据!$I:$I,$A9,销售取值基础数据!$B:$B,AU$4),""))} -> 0 | AV9: {=_xlfn.IFS($A$2="销售计划（销售后）",_xlfn.IFS(AV$4<$C9,($L9-SUMIFS(销售取值基础数据!$J:$J,销售取值基础数据!$I:$I,$A9,销售取值基础数据!$B:$B,"<="&AU$4))*110%/(180-AU$4),AV$4>=$C9,($L9-SUM(辅助表!$P9:AV9))*110%/(180-AU$4)),$A$2="销售计划（销售前）",$L9*80%/180,$A$2="达成情况",IF(AV$4>=$C9,"实际销售数量未更新",IF($C9>AV$4,SUMIFS(销售取值基础数据!$J:$J,销售取值基础数据!$I:$I,$A9,销售取值基础数据!$B:$B,AV$4),"")/_xlfn.IFS(AV$4<$C9,($L9-SUMIFS(销售取值基础数据!$J:$J,销售取值基础数据!$I:$I,$A9,销售取值基础数据!$B:$B,"<="&AU$4))*110%/(180-AU$4),AV$4>=$C9,($L9-SUM(辅助表!$P9:AV9))*110%/(180-AU$4))),$A$2="实际销售",IF($C9>AV$4,SUMIFS(销售取值基础数据!$J:$J,销售取值基础数据!$I:$I,$A9,销售取值基础数据!$B:$B,AV$4),""))} -> 0 | AW9: {=_xlfn.IFS($A$2="销售计划（销售后）",_xlfn.IFS(AW$4<$C9,($L9-SUMIFS(销售取值基础数据!$J:$J,销售取值基础数据!$I:$I,$A9,销售取值基础数据!$B:$B,"<="&AV$4))*110%/(180-AV$4),AW$4>=$C9,($L9-SUM(辅助表!$P9:AW9))*110%/(180-AV$4)),$A$2="销售计划（销售前）",$L9*80%/180,$A$2="达成情况",IF(AW$4>=$C9,"实际销售数量未更新",IF($C9>AW$4,SUMIFS(销售取值基础数据!$J:$J,销售取值基础数据!$I:$I,$A9,销售取值基础数据!$B:$B,AW$4),"")/_xlfn.IFS(AW$4<$C9,($L9-SUMIFS(销售取值基础数据!$J:$J,销售取值基础数据!$I:$I,$A9,销售取值基础数据!$B:$B,"<="&AV$4))*110%/(180-AV$4),AW$4>=$C9,($L9-SUM(辅助表!$P9:AW9))*110%/(180-AV$4))),$A$2="实际销售",IF($C9>AW$4,SUMIFS(销售取值基础数据!$J:$J,销售取值基础数据!$I:$I,$A9,销售取值基础数据!$B:$B,AW$4),""))} -> 0 | AX9: {=_xlfn.IFS($A$2="销售计划（销售后）",_xlfn.IFS(AX$4<$C9,($L9-SUMIFS(销售取值基础数据!$J:$J,销售取值基础数据!$I:$I,$A9,销售取值基础数据!$B:$B,"<="&AW$4))*110%/(180-AW$4),AX$4>=$C9,($L9-SUM(辅助表!$P9:AX9))*110%/(180-AW$4)),$A$2="销售计划（销售前）",$L9*80%/180,$A$2="达成情况",IF(AX$4>=$C9,"实际销售数量未更新",IF($C9>AX$4,SUMIFS(销售取值基础数据!$J:$J,销售取值基础数据!$I:$I,$A9,销售取值基础数据!$B:$B,AX$4),"")/_xlfn.IFS(AX$4<$C9,($L9-SUMIFS(销售取值基础数据!$J:$J,销售取值基础数据!$I:$I,$A9,销售取值基础数据!$B:$B,"<="&AW$4))*110%/(180-AW$4),AX$4>=$C9,($L9-SUM(辅助表!$P9:AX9))*110%/(180-AW$4))),$A$2="实际销售",IF($C9>AX$4,SUMIFS(销售取值基础数据!$J:$J,销售取值基础数据!$I:$I,$A9,销售取值基础数据!$B:$B,AX$4),""))} -> 0 | AY9: {=_xlfn.IFS($A$2="销售计划（销售后）",_xlfn.IFS(AY$4<$C9,($L9-SUMIFS(销售取值基础数据!$J:$J,销售取值基础数据!$I:$I,$A9,销售取值基础数据!$B:$B,"<="&AX$4))*110%/(180-AX$4),AY$4>=$C9,($L9-SUM(辅助表!$P9:AY9))*110%/(180-AX$4)),$A$2="销售计划（销售前）",$L9*80%/180,$A$2="达成情况",IF(AY$4>=$C9,"实际销售数量未更新",IF($C9>AY$4,SUMIFS(销售取值基础数据!$J:$J,销售取值基础数据!$I:$I,$A9,销售取值基础数据!$B:$B,AY$4),"")/_xlfn.IFS(AY$4<$C9,($L9-SUMIFS(销售取值基础数据!$J:$J,销售取值基础数据!$I:$I,$A9,销售取值基础数据!$B:$B,"<="&AX$4))*110%/(180-AX$4),AY$4>=$C9,($L9-SUM(辅助表!$P9:AY9))*110%/(180-AX$4))),$A$2="实际销售",IF($C9>AY$4,SUMIFS(销售取值基础数据!$J:$J,销售取值基础数据!$I:$I,$A9,销售取值基础数据!$B:$B,AY$4),""))} -> 0 | AZ9: {=_xlfn.IFS($A$2="销售计划（销售后）",_xlfn.IFS(AZ$4<$C9,($L9-SUMIFS(销售取值基础数据!$J:$J,销售取值基础数据!$I:$I,$A9,销售取值基础数据!$B:$B,"<="&AY$4))*110%/(180-AY$4),AZ$4>=$C9,($L9-SUM(辅助表!$P9:AZ9))*110%/(180-AY$4)),$A$2="销售计划（销售前）",$L9*80%/180,$A$2="达成情况",IF(AZ$4>=$C9,"实际销售数量未更新",IF($C9>AZ$4,SUMIFS(销售取值基础数据!$J:$J,销售取值基础数据!$I:$I,$A9,销售取值基础数据!$B:$B,AZ$4),"")/_xlfn.IFS(AZ$4<$C9,($L9-SUMIFS(销售取值基础数据!$J:$J,销售取值基础数据!$I:$I,$A9,销售取值基础数据!$B:$B,"<="&AY$4))*110%/(180-AY$4),AZ$4>=$C9,($L9-SUM(辅助表!$P9:AZ9))*110%/(180-AY$4))),$A$2="实际销售",IF($C9>AZ$4,SUMIFS(销售取值基础数据!$J:$J,销售取值基础数据!$I:$I,$A9,销售取值基础数据!$B:$B,AZ$4),""))} -> 0 | ... ED9: {=_xlfn.IFS($A$2="销售计划（销售后）",_xlfn.IFS(ED$4<$C9,($L9-SUMIFS(销售取值基础数据!$J:$J,销售取值基础数据!$I:$I,$A9,销售取值基础数据!$B:$B,"<="&EC$4))*110%/(180-EC$4),ED$4>=$C9,($L9-SUM(辅助表!$P9:ED9))*110%/(180-EC$4)),$A$2="销售计划（销售前）",$L9*80%/180,$A$2="达成情况",IF(ED$4>=$C9,"实际销售数量未更新",IF($C9>ED$4,SUMIFS(销售取值基础数据!$J:$J,销售取值基础数据!$I:$I,$A9,销售取值基础数据!$B:$B,ED$4),"")/_xlfn.IFS(ED$4<$C9,($L9-SUMIFS(销售取值基础数据!$J:$J,销售取值基础数据!$I:$I,$A9,销售取值基础数据!$B:$B,"<="&EC$4))*110%/(180-EC$4),ED$4>=$C9,($L9-SUM(辅助表!$P9:ED9))*110%/(180-EC$4))),$A$2="实际销售",IF($C9>ED$4,SUMIFS(销售取值基础数据!$J:$J,销售取值基础数据!$I:$I,$A9,销售取值基础数据!$B:$B,ED$4),""))} -> 0 | EE9: {=_xlfn.IFS($A$2="销售计划（销售后）",_xlfn.IFS(EE$4<$C9,($L9-SUMIFS(销售取值基础数据!$J:$J,销售取值基础数据!$I:$I,$A9,销售取值基础数据!$B:$B,"<="&ED$4))*100%/(180-ED$4),EE$4>=$C9,($L9-SUM(辅助表!$P9:EE9))*100%/(180-ED$4)),$A$2="销售计划（销售前）",$L9*80%/180,$A$2="达成情况",IF(EE$4>=$C9,"实际销售数量未更新",IF($C9>EE$4,SUMIFS(销售取值基础数据!$J:$J,销售取值基础数据!$I:$I,$A9,销售取值基础数据!$B:$B,EE$4),"")/(_xlfn.IFS(EE$4<$C9,($L9-SUMIFS(销售取值基础数据!$J:$J,销售取值基础数据!$I:$I,$A9,销售取值基础数据!$B:$B,"<="&ED$4))*100%/(180-ED$4),EE$4>=$C9,($L9-SUM(辅助表!$P9:EE9))*100%/(180-ED$4)))),$A$2="实际销售",IF($C9>EE$4,SUMIFS(销售取值基础数据!$J:$J,销售取值基础数据!$I:$I,$A9,销售取值基础数据!$B:$B,EE$4),""))} -> 0 | EF9: {=_xlfn.IFS($A$2="销售计划（销售后）",_xlfn.IFS(EF$4<$C9,($L9-SUMIFS(销售取值基础数据!$J:$J,销售取值基础数据!$I:$I,$A9,销售取值基础数据!$B:$B,"<="&EE$4))*100%/(180-EE$4),EF$4>=$C9,($L9-SUM(辅助表!$P9:EF9))*100%/(180-EE$4)),$A$2="销售计划（销售前）",$L9*80%/180,$A$2="达成情况",IF(EF$4>=$C9,"实际销售数量未更新",IF($C9>EF$4,SUMIFS(销售取值基础数据!$J:$J,销售取值基础数据!$I:$I,$A9,销售取值基础数据!$B:$B,EF$4),"")/(_xlfn.IFS(EF$4<$C9,($L9-SUMIFS(销售取值基础数据!$J:$J,销售取值基础数据!$I:$I,$A9,销售取值基础数据!$B:$B,"<="&EE$4))*100%/(180-EE$4),EF$4>=$C9,($L9-SUM(辅助表!$P9:EF9))*100%/(180-EE$4)))),$A$2="实际销售",IF($C9>EF$4,SUMIFS(销售取值基础数据!$J:$J,销售取值基础数据!$I:$I,$A9,销售取值基础数据!$B:$B,EF$4),""))} -> 0 | EG9: {=_xlfn.IFS($A$2="销售计划（销售后）",_xlfn.IFS(EG$4<$C9,($L9-SUMIFS(销售取值基础数据!$J:$J,销售取值基础数据!$I:$I,$A9,销售取值基础数据!$B:$B,"<="&EF$4))*100%/(180-EF$4),EG$4>=$C9,($L9-SUM(辅助表!$P9:EG9))*100%/(180-EF$4)),$A$2="销售计划（销售前）",$L9*80%/180,$A$2="达成情况",IF(EG$4>=$C9,"实际销售数量未更新",IF($C9>EG$4,SUMIFS(销售取值基础数据!$J:$J,销售取值基础数据!$I:$I,$A9,销售取值基础数据!$B:$B,EG$4),"")/(_xlfn.IFS(EG$4<$C9,($L9-SUMIFS(销售取值基础数据!$J:$J,销售取值基础数据!$I:$I,$A9,销售取值基础数据!$B:$B,"<="&EF$4))*100%/(180-EF$4),EG$4>=$C9,($L9-SUM(辅助表!$P9:EG9))*100%/(180-EF$4)))),$A$2="实际销售",IF($C9>EG$4,SUMIFS(销售取值基础数据!$J:$J,销售取值基础数据!$I:$I,$A9,销售取值基础数据!$B:$B,EG$4),""))} -> 0 | EH9: {=_xlfn.IFS($A$2="销售计划（销售后）",_xlfn.IFS(EH$4<$C9,($L9-SUMIFS(销售取值基础数据!$J:$J,销售取值基础数据!$I:$I,$A9,销售取值基础数据!$B:$B,"<="&EG$4))*100%/(180-EG$4),EH$4>=$C9,($L9-SUM(辅助表!$P9:EH9))*100%/(180-EG$4)),$A$2="销售计划（销售前）",$L9*80%/180,$A$2="达成情况",IF(EH$4>=$C9,"实际销售数量未更新",IF($C9>EH$4,SUMIFS(销售取值基础数据!$J:$J,销售取值基础数据!$I:$I,$A9,销售取值基础数据!$B:$B,EH$4),"")/(_xlfn.IFS(EH$4<$C9,($L9-SUMIFS(销售取值基础数据!$J:$J,销售取值基础数据!$I:$I,$A9,销售取值基础数据!$B:$B,"<="&EG$4))*100%/(180-EG$4),EH$4>=$C9,($L9-SUM(辅助表!$P9:EH9))*100%/(180-EG$4)))),$A$2="实际销售",IF($C9>EH$4,SUMIFS(销售取值基础数据!$J:$J,销售取值基础数据!$I:$I,$A9,销售取值基础数据!$B:$B,EH$4),""))} -> 0 | EI9: {=_xlfn.IFS($A$2="销售计划（销售后）",_xlfn.IFS(EI$4<$C9,($L9-SUMIFS(销售取值基础数据!$J:$J,销售取值基础数据!$I:$I,$A9,销售取值基础数据!$B:$B,"<="&EH$4))*100%/(180-EH$4),EI$4>=$C9,($L9-SUM(辅助表!$P9:EI9))*100%/(180-EH$4)),$A$2="销售计划（销售前）",$L9*80%/180,$A$2="达成情况",IF(EI$4>=$C9,"实际销售数量未更新",IF($C9>EI$4,SUMIFS(销售取值基础数据!$J:$J,销售取值基础数据!$I:$I,$A9,销售取值基础数据!$B:$B,EI$4),"")/(_xlfn.IFS(EI$4<$C9,($L9-SUMIFS(销售取值基础数据!$J:$J,销售取值基础数据!$I:$I,$A9,销售取值基础数据!$B:$B,"<="&EH$4))*100%/(180-EH$4),EI$4>=$C9,($L9-SUM(辅助表!$P9:EI9))*100%/(180-EH$4)))),$A$2="实际销售",IF($C9>EI$4,SUMIFS(销售取值基础数据!$J:$J,销售取值基础数据!$I:$I,$A9,销售取值基础数据!$B:$B,EI$4),""))} -> 0 | EJ9: {=_xlfn.IFS($A$2="销售计划（销售后）",_xlfn.IFS(EJ$4<$C9,($L9-SUMIFS(销售取值基础数据!$J:$J,销售取值基础数据!$I:$I,$A9,销售取值基础数据!$B:$B,"<="&EI$4))*100%/(180-EI$4),EJ$4>=$C9,($L9-SUM(辅助表!$P9:EJ9))*100%/(180-EI$4)),$A$2="销售计划（销售前）",$L9*80%/180,$A$2="达成情况",IF(EJ$4>=$C9,"实际销售数量未更新",IF($C9>EJ$4,SUMIFS(销售取值基础数据!$J:$J,销售取值基础数据!$I:$I,$A9,销售取值基础数据!$B:$B,EJ$4),"")/(_xlfn.IFS(EJ$4<$C9,($L9-SUMIFS(销售取值基础数据!$J:$J,销售取值基础数据!$I:$I,$A9,销售取值基础数据!$B:$B,"<="&EI$4))*100%/(180-EI$4),EJ$4>=$C9,($L9-SUM(辅助表!$P9:EJ9))*100%/(180-EI$4)))),$A$2="实际销售",IF($C9>EJ$4,SUMIFS(销售取值基础数据!$J:$J,销售取值基础数据!$I:$I,$A9,销售取值基础数据!$B:$B,EJ$4),""))} -> 0 | EK9: {=_xlfn.IFS($A$2="销售计划（销售后）",_xlfn.IFS(EK$4<$C9,($L9-SUMIFS(销售取值基础数据!$J:$J,销售取值基础数据!$I:$I,$A9,销售取值基础数据!$B:$B,"<="&EJ$4))*100%/(180-EJ$4),EK$4>=$C9,($L9-SUM(辅助表!$P9:EK9))*100%/(180-EJ$4)),$A$2="销售计划（销售前）",$L9*80%/180,$A$2="达成情况",IF(EK$4>=$C9,"实际销售数量未更新",IF($C9>EK$4,SUMIFS(销售取值基础数据!$J:$J,销售取值基础数据!$I:$I,$A9,销售取值基础数据!$B:$B,EK$4),"")/(_xlfn.IFS(EK$4<$C9,($L9-SUMIFS(销售取值基础数据!$J:$J,销售取值基础数据!$I:$I,$A9,销售取值基础数据!$B:$B,"<="&EJ$4))*100%/(180-EJ$4),EK$4>=$C9,($L9-SUM(辅助表!$P9:EK9))*100%/(180-EJ$4)))),$A$2="实际销售",IF($C9>EK$4,SUMIFS(销售取值基础数据!$J:$J,销售取值基础数据!$I:$I,$A9,销售取值基础数据!$B:$B,EK$4),""))} -> 0 | EL9: {=_xlfn.IFS($A$2="销售计划（销售后）",_xlfn.IFS(EL$4<$C9,($L9-SUMIFS(销售取值基础数据!$J:$J,销售取值基础数据!$I:$I,$A9,销售取值基础数据!$B:$B,"<="&EK$4))*100%/(180-EK$4),EL$4>=$C9,($L9-SUM(辅助表!$P9:EL9))*100%/(180-EK$4)),$A$2="销售计划（销售前）",$L9*80%/180,$A$2="达成情况",IF(EL$4>=$C9,"实际销售数量未更新",IF($C9>EL$4,SUMIFS(销售取值基础数据!$J:$J,销售取值基础数据!$I:$I,$A9,销售取值基础数据!$B:$B,EL$4),"")/(_xlfn.IFS(EL$4<$C9,($L9-SUMIFS(销售取值基础数据!$J:$J,销售取值基础数据!$I:$I,$A9,销售取值基础数据!$B:$B,"<="&EK$4))*100%/(180-EK$4),EL$4>=$C9,($L9-SUM(辅助表!$P9:EL9))*100%/(180-EK$4)))),$A$2="实际销售",IF($C9>EL$4,SUMIFS(销售取值基础数据!$J:$J,销售取值基础数据!$I:$I,$A9,销售取值基础数据!$B:$B,EL$4),""))} -> 0 | ... GL9: {=_xlfn.IFS($A$2="销售计划（销售后）",_xlfn.IFS(GL$4<$C9,($L9-SUMIFS(销售取值基础数据!$J:$J,销售取值基础数据!$I:$I,$A9,销售取值基础数据!$B:$B,"<="&GK$4))*100%/(180-GK$4),GL$4>=$C9,($L9-SUM(辅助表!$P9:GL9))*100%/(180-GK$4)),$A$2="销售计划（销售前）",$L9*80%/180,$A$2="达成情况",IF(GL$4>=$C9,"实际销售数量未更新",IF($C9>GL$4,SUMIFS(销售取值基础数据!$J:$J,销售取值基础数据!$I:$I,$A9,销售取值基础数据!$B:$B,GL$4),"")/(_xlfn.IFS(GL$4<$C9,($L9-SUMIFS(销售取值基础数据!$J:$J,销售取值基础数据!$I:$I,$A9,销售取值基础数据!$B:$B,"<="&GK$4))*100%/(180-GK$4),GL$4>=$C9,($L9-SUM(辅助表!$P9:GL9))*100%/(180-GK$4)))),$A$2="实际销售",IF($C9>GL$4,SUMIFS(销售取值基础数据!$J:$J,销售取值基础数据!$I:$I,$A9,销售取值基础数据!$B:$B,GL$4),""))} -> 0
C10: =TODAY()-B10 -> 46203 | E10: =L10-G10 -> 0 | F10: =E10/(SUMIFS(销售取值基础数据!J:J,销售取值基础数据!I:I,A10,销售取值基础数据!F:F,"可取")/30) -> #DIV/0! | H10: =G10/L10 -> #DIV/0! | I10: =M10/'销售计划（销售前）'!M10 -> #NAME? | J10: =SUMIFS(销售取值基础数据!J:J,销售取值基础数据!I:I,A10,销售取值基础数据!E:E,"可取")/SUM(INDEX('销售计划（销售前）'!R10:GO10,C10-1):INDEX('销售计划（销售前）'!R10:GO10,C10-7)) -> #REF! | K10: =SUMIFS(销售取值基础数据!J:J,销售取值基础数据!I:I,A10,销售取值基础数据!F:F,"可取")/SUM(INDEX('销售计划（销售前）'!R10:GO10,C10-1):INDEX('销售计划（销售前）'!R10:GO10,C10-30)) -> #REF! | M10: =_xlfn.XLOOKUP(A10,销售取值基础数据!I:I,销售取值基础数据!J:J,0,0,-1) -> #NAME? | N10: {=IF($A$2="销售计划（销售后）",IF(C10>180,"0",INDEX(O10:GL10,C10)),"")} -> 0 | O10: {=_xlfn.IFS($A$2="销售计划（销售后）",$L10*80%/180,$A$2="销售计划（销售前）",$L10*80%/180,$A$2="达成情况",IF(O$4>=$C10,"实际销售数量未更新",SUMIFS(销售取值基础数据!J:J,销售取值基础数据!I:I,A10,销售取值基础数据!B:B,$O$4)/($L10*80%/180)),$A$2="实际销售",SUMIFS(销售取值基础数据!J:J,销售取值基础数据!I:I,A10,销售取值基础数据!B:B,$O$4))} -> 0 | P10: {=_xlfn.IFS($A$2="销售计划（销售后）",_xlfn.IFS(P$4<$C10,($L10-SUMIFS(销售取值基础数据!$J:$J,销售取值基础数据!$I:$I,$A10,销售取值基础数据!$B:$B,"<="&O$4))*80%/(180-O$4),P$4>=$C10,($L10-SUM(辅助表!$P10:P10))*80%/(180-O$4)),$A$2="销售计划（销售前）",$L10*80%/180,$A$2="达成情况",IF(P$4>=$C10,"实际销售数量未更新",IF($C10>P$4,SUMIFS(销售取值基础数据!$J:$J,销售取值基础数据!$I:$I,$A10,销售取值基础数据!$B:$B,P$4),"")/(_xlfn.IFS(P$4<$C10,($L10-SUMIFS(销售取值基础数据!$J:$J,销售取值基础数据!$I:$I,$A10,销售取值基础数据!$B:$B,"<="&O$4))*80%/(180-O$4),P$4>=$C10,($L10-SUM(辅助表!$P10:P10))*80%/(180-O$4)))),$A$2="实际销售",IF($C10>P$4,SUMIFS(销售取值基础数据!$J:$J,销售取值基础数据!$I:$I,$A10,销售取值基础数据!$B:$B,P$4),""))} -> 0 | Q10: {=_xlfn.IFS($A$2="销售计划（销售后）",_xlfn.IFS(Q$4<$C10,($L10-SUMIFS(销售取值基础数据!$J:$J,销售取值基础数据!$I:$I,$A10,销售取值基础数据!$B:$B,"<="&P$4))*80%/(180-P$4),Q$4>=$C10,($L10-SUM(辅助表!$P10:Q10))*80%/(180-P$4)),$A$2="销售计划（销售前）",$L10*80%/180,$A$2="达成情况",IF(Q$4>=$C10,"实际销售数量未更新",IF($C10>Q$4,SUMIFS(销售取值基础数据!$J:$J,销售取值基础数据!$I:$I,$A10,销售取值基础数据!$B:$B,Q$4),"")/(_xlfn.IFS(Q$4<$C10,($L10-SUMIFS(销售取值基础数据!$J:$J,销售取值基础数据!$I:$I,$A10,销售取值基础数据!$B:$B,"<="&P$4))*80%/(180-P$4),Q$4>=$C10,($L10-SUM(辅助表!$P10:Q10))*80%/(180-P$4)))),$A$2="实际销售",IF($C10>Q$4,SUMIFS(销售取值基础数据!$J:$J,销售取值基础数据!$I:$I,$A10,销售取值基础数据!$B:$B,Q$4),""))} -> 0 | R10: {=_xlfn.IFS($A$2="销售计划（销售后）",_xlfn.IFS(R$4<$C10,($L10-SUMIFS(销售取值基础数据!$J:$J,销售取值基础数据!$I:$I,$A10,销售取值基础数据!$B:$B,"<="&Q$4))*80%/(180-Q$4),R$4>=$C10,($L10-SUM(辅助表!$P10:R10))*80%/(180-Q$4)),$A$2="销售计划（销售前）",$L10*80%/180,$A$2="达成情况",IF(R$4>=$C10,"实际销售数量未更新",IF($C10>R$4,SUMIFS(销售取值基础数据!$J:$J,销售取值基础数据!$I:$I,$A10,销售取值基础数据!$B:$B,R$4),"")/(_xlfn.IFS(R$4<$C10,($L10-SUMIFS(销售取值基础数据!$J:$J,销售取值基础数据!$I:$I,$A10,销售取值基础数据!$B:$B,"<="&Q$4))*80%/(180-Q$4),R$4>=$C10,($L10-SUM(辅助表!$P10:R10))*80%/(180-Q$4)))),$A$2="实际销售",IF($C10>R$4,SUMIFS(销售取值基础数据!$J:$J,销售取值基础数据!$I:$I,$A10,销售取值基础数据!$B:$B,R$4),""))} -> 0 | S10: {=_xlfn.IFS($A$2="销售计划（销售后）",_xlfn.IFS(S$4<$C10,($L10-SUMIFS(销售取值基础数据!$J:$J,销售取值基础数据!$I:$I,$A10,销售取值基础数据!$B:$B,"<="&R$4))*80%/(180-R$4),S$4>=$C10,($L10-SUM(辅助表!$P10:S10))*80%/(180-R$4)),$A$2="销售计划（销售前）",$L10*80%/180,$A$2="达成情况",IF(S$4>=$C10,"实际销售数量未更新",IF($C10>S$4,SUMIFS(销售取值基础数据!$J:$J,销售取值基础数据!$I:$I,$A10,销售取值基础数据!$B:$B,S$4),"")/(_xlfn.IFS(S$4<$C10,($L10-SUMIFS(销售取值基础数据!$J:$J,销售取值基础数据!$I:$I,$A10,销售取值基础数据!$B:$B,"<="&R$4))*80%/(180-R$4),S$4>=$C10,($L10-SUM(辅助表!$P10:S10))*80%/(180-R$4)))),$A$2="实际销售",IF($C10>S$4,SUMIFS(销售取值基础数据!$J:$J,销售取值基础数据!$I:$I,$A10,销售取值基础数据!$B:$B,S$4),""))} -> 0 | T10: {=_xlfn.IFS($A$2="销售计划（销售后）",_xlfn.IFS(T$4<$C10,($L10-SUMIFS(销售取值基础数据!$J:$J,销售取值基础数据!$I:$I,$A10,销售取值基础数据!$B:$B,"<="&S$4))*80%/(180-S$4),T$4>=$C10,($L10-SUM(辅助表!$P10:T10))*80%/(180-S$4)),$A$2="销售计划（销售前）",$L10*80%/180,$A$2="达成情况",IF(T$4>=$C10,"实际销售数量未更新",IF($C10>T$4,SUMIFS(销售取值基础数据!$J:$J,销售取值基础数据!$I:$I,$A10,销售取值基础数据!$B:$B,T$4),"")/(_xlfn.IFS(T$4<$C10,($L10-SUMIFS(销售取值基础数据!$J:$J,销售取值基础数据!$I:$I,$A10,销售取值基础数据!$B:$B,"<="&S$4))*80%/(180-S$4),T$4>=$C10,($L10-SUM(辅助表!$P10:T10))*80%/(180-S$4)))),$A$2="实际销售",IF($C10>T$4,SUMIFS(销售取值基础数据!$J:$J,销售取值基础数据!$I:$I,$A10,销售取值基础数据!$B:$B,T$4),""))} -> 0 | U10: {=_xlfn.IFS($A$2="销售计划（销售后）",_xlfn.IFS(U$4<$C10,($L10-SUMIFS(销售取值基础数据!$J:$J,销售取值基础数据!$I:$I,$A10,销售取值基础数据!$B:$B,"<="&T$4))*80%/(180-T$4),U$4>=$C10,($L10-SUM(辅助表!$P10:U10))*80%/(180-T$4)),$A$2="销售计划（销售前）",$L10*80%/180,$A$2="达成情况",IF(U$4>=$C10,"实际销售数量未更新",IF($C10>U$4,SUMIFS(销售取值基础数据!$J:$J,销售取值基础数据!$I:$I,$A10,销售取值基础数据!$B:$B,U$4),"")/(_xlfn.IFS(U$4<$C10,($L10-SUMIFS(销售取值基础数据!$J:$J,销售取值基础数据!$I:$I,$A10,销售取值基础数据!$B:$B,"<="&T$4))*80%/(180-T$4),U$4>=$C10,($L10-SUM(辅助表!$P10:U10))*80%/(180-T$4)))),$A$2="实际销售",IF($C10>U$4,SUMIFS(销售取值基础数据!$J:$J,销售取值基础数据!$I:$I,$A10,销售取值基础数据!$B:$B,U$4),""))} -> 0 | V10: {=_xlfn.IFS($A$2="销售计划（销售后）",_xlfn.IFS(V$4<$C10,($L10-SUMIFS(销售取值基础数据!$J:$J,销售取值基础数据!$I:$I,$A10,销售取值基础数据!$B:$B,"<="&U$4))*80%/(180-U$4),V$4>=$C10,($L10-SUM(辅助表!$P10:V10))*80%/(180-U$4)),$A$2="销售计划（销售前）",$L10*80%/180,$A$2="达成情况",IF(V$4>=$C10,"实际销售数量未更新",IF($C10>V$4,SUMIFS(销售取值基础数据!$J:$J,销售取值基础数据!$I:$I,$A10,销售取值基础数据!$B:$B,V$4),"")/(_xlfn.IFS(V$4<$C10,($L10-SUMIFS(销售取值基础数据!$J:$J,销售取值基础数据!$I:$I,$A10,销售取值基础数据!$B:$B,"<="&U$4))*80%/(180-U$4),V$4>=$C10,($L10-SUM(辅助表!$P10:V10))*80%/(180-U$4)))),$A$2="实际销售",IF($C10>V$4,SUMIFS(销售取值基础数据!$J:$J,销售取值基础数据!$I:$I,$A10,销售取值基础数据!$B:$B,V$4),""))} -> 0 | W10: {=_xlfn.IFS($A$2="销售计划（销售后）",_xlfn.IFS(W$4<$C10,($L10-SUMIFS(销售取值基础数据!$J:$J,销售取值基础数据!$I:$I,$A10,销售取值基础数据!$B:$B,"<="&V$4))*80%/(180-V$4),W$4>=$C10,($L10-SUM(辅助表!$P10:W10))*80%/(180-V$4)),$A$2="销售计划（销售前）",$L10*80%/180,$A$2="达成情况",IF(W$4>=$C10,"实际销售数量未更新",IF($C10>W$4,SUMIFS(销售取值基础数据!$J:$J,销售取值基础数据!$I:$I,$A10,销售取值基础数据!$B:$B,W$4),"")/(_xlfn.IFS(W$4<$C10,($L10-SUMIFS(销售取值基础数据!$J:$J,销售取值基础数据!$I:$I,$A10,销售取值基础数据!$B:$B,"<="&V$4))*80%/(180-V$4),W$4>=$C10,($L10-SUM(辅助表!$P10:W10))*80%/(180-V$4)))),$A$2="实际销售",IF($C10>W$4,SUMIFS(销售取值基础数据!$J:$J,销售取值基础数据!$I:$I,$A10,销售取值基础数据!$B:$B,W$4),""))} -> 0 | ... AR10: {=_xlfn.IFS($A$2="销售计划（销售后）",_xlfn.IFS(AR$4<$C10,($L10-SUMIFS(销售取值基础数据!$J:$J,销售取值基础数据!$I:$I,$A10,销售取值基础数据!$B:$B,"<="&AQ$4))*80%/(180-AQ$4),AR$4>=$C10,($L10-SUM(辅助表!$P10:AR10))*80%/(180-AQ$4)),$A$2="销售计划（销售前）",$L10*80%/180,$A$2="达成情况",IF(AR$4>=$C10,"实际销售数量未更新",IF($C10>AR$4,SUMIFS(销售取值基础数据!$J:$J,销售取值基础数据!$I:$I,$A10,销售取值基础数据!$B:$B,AR$4),"")/(_xlfn.IFS(AR$4<$C10,($L10-SUMIFS(销售取值基础数据!$J:$J,销售取值基础数据!$I:$I,$A10,销售取值基础数据!$B:$B,"<="&AQ$4))*80%/(180-AQ$4),AR$4>=$C10,($L10-SUM(辅助表!$P10:AR10))*80%/(180-AQ$4)))),$A$2="实际销售",IF($C10>AR$4,SUMIFS(销售取值基础数据!$J:$J,销售取值基础数据!$I:$I,$A10,销售取值基础数据!$B:$B,AR$4),""))} -> 0 | AS10: {=_xlfn.IFS($A$2="销售计划（销售后）",_xlfn.IFS(AS$4<$C10,($L10-SUMIFS(销售取值基础数据!$J:$J,销售取值基础数据!$I:$I,$A10,销售取值基础数据!$B:$B,"<="&AR$4))*110%/(180-AR$4),AS$4>=$C10,($L10-SUM(辅助表!$P10:AS10))*110%/(180-AR$4)),$A$2="销售计划（销售前）",$L10*80%/180,$A$2="达成情况",IF(AS$4>=$C10,"实际销售数量未更新",IF($C10>AS$4,SUMIFS(销售取值基础数据!$J:$J,销售取值基础数据!$I:$I,$A10,销售取值基础数据!$B:$B,AS$4),"")/_xlfn.IFS(AS$4<$C10,($L10-SUMIFS(销售取值基础数据!$J:$J,销售取值基础数据!$I:$I,$A10,销售取值基础数据!$B:$B,"<="&AR$4))*110%/(180-AR$4),AS$4>=$C10,($L10-SUM(辅助表!$P10:AS10))*110%/(180-AR$4))),$A$2="实际销售",IF($C10>AS$4,SUMIFS(销售取值基础数据!$J:$J,销售取值基础数据!$I:$I,$A10,销售取值基础数据!$B:$B,AS$4),""))} -> 0 | AT10: {=_xlfn.IFS($A$2="销售计划（销售后）",_xlfn.IFS(AT$4<$C10,($L10-SUMIFS(销售取值基础数据!$J:$J,销售取值基础数据!$I:$I,$A10,销售取值基础数据!$B:$B,"<="&AS$4))*110%/(180-AS$4),AT$4>=$C10,($L10-SUM(辅助表!$P10:AT10))*110%/(180-AS$4)),$A$2="销售计划（销售前）",$L10*80%/180,$A$2="达成情况",IF(AT$4>=$C10,"实际销售数量未更新",IF($C10>AT$4,SUMIFS(销售取值基础数据!$J:$J,销售取值基础数据!$I:$I,$A10,销售取值基础数据!$B:$B,AT$4),"")/_xlfn.IFS(AT$4<$C10,($L10-SUMIFS(销售取值基础数据!$J:$J,销售取值基础数据!$I:$I,$A10,销售取值基础数据!$B:$B,"<="&AS$4))*110%/(180-AS$4),AT$4>=$C10,($L10-SUM(辅助表!$P10:AT10))*110%/(180-AS$4))),$A$2="实际销售",IF($C10>AT$4,SUMIFS(销售取值基础数据!$J:$J,销售取值基础数据!$I:$I,$A10,销售取值基础数据!$B:$B,AT$4),""))} -> 0 | AU10: {=_xlfn.IFS($A$2="销售计划（销售后）",_xlfn.IFS(AU$4<$C10,($L10-SUMIFS(销售取值基础数据!$J:$J,销售取值基础数据!$I:$I,$A10,销售取值基础数据!$B:$B,"<="&AT$4))*110%/(180-AT$4),AU$4>=$C10,($L10-SUM(辅助表!$P10:AU10))*110%/(180-AT$4)),$A$2="销售计划（销售前）",$L10*80%/180,$A$2="达成情况",IF(AU$4>=$C10,"实际销售数量未更新",IF($C10>AU$4,SUMIFS(销售取值基础数据!$J:$J,销售取值基础数据!$I:$I,$A10,销售取值基础数据!$B:$B,AU$4),"")/_xlfn.IFS(AU$4<$C10,($L10-SUMIFS(销售取值基础数据!$J:$J,销售取值基础数据!$I:$I,$A10,销售取值基础数据!$B:$B,"<="&AT$4))*110%/(180-AT$4),AU$4>=$C10,($L10-SUM(辅助表!$P10:AU10))*110%/(180-AT$4))),$A$2="实际销售",IF($C10>AU$4,SUMIFS(销售取值基础数据!$J:$J,销售取值基础数据!$I:$I,$A10,销售取值基础数据!$B:$B,AU$4),""))} -> 0 | AV10: {=_xlfn.IFS($A$2="销售计划（销售后）",_xlfn.IFS(AV$4<$C10,($L10-SUMIFS(销售取值基础数据!$J:$J,销售取值基础数据!$I:$I,$A10,销售取值基础数据!$B:$B,"<="&AU$4))*110%/(180-AU$4),AV$4>=$C10,($L10-SUM(辅助表!$P10:AV10))*110%/(180-AU$4)),$A$2="销售计划（销售前）",$L10*80%/180,$A$2="达成情况",IF(AV$4>=$C10,"实际销售数量未更新",IF($C10>AV$4,SUMIFS(销售取值基础数据!$J:$J,销售取值基础数据!$I:$I,$A10,销售取值基础数据!$B:$B,AV$4),"")/_xlfn.IFS(AV$4<$C10,($L10-SUMIFS(销售取值基础数据!$J:$J,销售取值基础数据!$I:$I,$A10,销售取值基础数据!$B:$B,"<="&AU$4))*110%/(180-AU$4),AV$4>=$C10,($L10-SUM(辅助表!$P10:AV10))*110%/(180-AU$4))),$A$2="实际销售",IF($C10>AV$4,SUMIFS(销售取值基础数据!$J:$J,销售取值基础数据!$I:$I,$A10,销售取值基础数据!$B:$B,AV$4),""))} -> 0 | AW10: {=_xlfn.IFS($A$2="销售计划（销售后）",_xlfn.IFS(AW$4<$C10,($L10-SUMIFS(销售取值基础数据!$J:$J,销售取值基础数据!$I:$I,$A10,销售取值基础数据!$B:$B,"<="&AV$4))*110%/(180-AV$4),AW$4>=$C10,($L10-SUM(辅助表!$P10:AW10))*110%/(180-AV$4)),$A$2="销售计划（销售前）",$L10*80%/180,$A$2="达成情况",IF(AW$4>=$C10,"实际销售数量未更新",IF($C10>AW$4,SUMIFS(销售取值基础数据!$J:$J,销售取值基础数据!$I:$I,$A10,销售取值基础数据!$B:$B,AW$4),"")/_xlfn.IFS(AW$4<$C10,($L10-SUMIFS(销售取值基础数据!$J:$J,销售取值基础数据!$I:$I,$A10,销售取值基础数据!$B:$B,"<="&AV$4))*110%/(180-AV$4),AW$4>=$C10,($L10-SUM(辅助表!$P10:AW10))*110%/(180-AV$4))),$A$2="实际销售",IF($C10>AW$4,SUMIFS(销售取值基础数据!$J:$J,销售取值基础数据!$I:$I,$A10,销售取值基础数据!$B:$B,AW$4),""))} -> 0 | AX10: {=_xlfn.IFS($A$2="销售计划（销售后）",_xlfn.IFS(AX$4<$C10,($L10-SUMIFS(销售取值基础数据!$J:$J,销售取值基础数据!$I:$I,$A10,销售取值基础数据!$B:$B,"<="&AW$4))*110%/(180-AW$4),AX$4>=$C10,($L10-SUM(辅助表!$P10:AX10))*110%/(180-AW$4)),$A$2="销售计划（销售前）",$L10*80%/180,$A$2="达成情况",IF(AX$4>=$C10,"实际销售数量未更新",IF($C10>AX$4,SUMIFS(销售取值基础数据!$J:$J,销售取值基础数据!$I:$I,$A10,销售取值基础数据!$B:$B,AX$4),"")/_xlfn.IFS(AX$4<$C10,($L10-SUMIFS(销售取值基础数据!$J:$J,销售取值基础数据!$I:$I,$A10,销售取值基础数据!$B:$B,"<="&AW$4))*110%/(180-AW$4),AX$4>=$C10,($L10-SUM(辅助表!$P10:AX10))*110%/(180-AW$4))),$A$2="实际销售",IF($C10>AX$4,SUMIFS(销售取值基础数据!$J:$J,销售取值基础数据!$I:$I,$A10,销售取值基础数据!$B:$B,AX$4),""))} -> 0 | AY10: {=_xlfn.IFS($A$2="销售计划（销售后）",_xlfn.IFS(AY$4<$C10,($L10-SUMIFS(销售取值基础数据!$J:$J,销售取值基础数据!$I:$I,$A10,销售取值基础数据!$B:$B,"<="&AX$4))*110%/(180-AX$4),AY$4>=$C10,($L10-SUM(辅助表!$P10:AY10))*110%/(180-AX$4)),$A$2="销售计划（销售前）",$L10*80%/180,$A$2="达成情况",IF(AY$4>=$C10,"实际销售数量未更新",IF($C10>AY$4,SUMIFS(销售取值基础数据!$J:$J,销售取值基础数据!$I:$I,$A10,销售取值基础数据!$B:$B,AY$4),"")/_xlfn.IFS(AY$4<$C10,($L10-SUMIFS(销售取值基础数据!$J:$J,销售取值基础数据!$I:$I,$A10,销售取值基础数据!$B:$B,"<="&AX$4))*110%/(180-AX$4),AY$4>=$C10,($L10-SUM(辅助表!$P10:AY10))*110%/(180-AX$4))),$A$2="实际销售",IF($C10>AY$4,SUMIFS(销售取值基础数据!$J:$J,销售取值基础数据!$I:$I,$A10,销售取值基础数据!$B:$B,AY$4),""))} -> 0 | AZ10: {=_xlfn.IFS($A$2="销售计划（销售后）",_xlfn.IFS(AZ$4<$C10,($L10-SUMIFS(销售取值基础数据!$J:$J,销售取值基础数据!$I:$I,$A10,销售取值基础数据!$B:$B,"<="&AY$4))*110%/(180-AY$4),AZ$4>=$C10,($L10-SUM(辅助表!$P10:AZ10))*110%/(180-AY$4)),$A$2="销售计划（销售前）",$L10*80%/180,$A$2="达成情况",IF(AZ$4>=$C10,"实际销售数量未更新",IF($C10>AZ$4,SUMIFS(销售取值基础数据!$J:$J,销售取值基础数据!$I:$I,$A10,销售取值基础数据!$B:$B,AZ$4),"")/_xlfn.IFS(AZ$4<$C10,($L10-SUMIFS(销售取值基础数据!$J:$J,销售取值基础数据!$I:$I,$A10,销售取值基础数据!$B:$B,"<="&AY$4))*110%/(180-AY$4),AZ$4>=$C10,($L10-SUM(辅助表!$P10:AZ10))*110%/(180-AY$4))),$A$2="实际销售",IF($C10>AZ$4,SUMIFS(销售取值基础数据!$J:$J,销售取值基础数据!$I:$I,$A10,销售取值基础数据!$B:$B,AZ$4),""))} -> 0 | ... ED10: {=_xlfn.IFS($A$2="销售计划（销售后）",_xlfn.IFS(ED$4<$C10,($L10-SUMIFS(销售取值基础数据!$J:$J,销售取值基础数据!$I:$I,$A10,销售取值基础数据!$B:$B,"<="&EC$4))*110%/(180-EC$4),ED$4>=$C10,($L10-SUM(辅助表!$P10:ED10))*110%/(180-EC$4)),$A$2="销售计划（销售前）",$L10*80%/180,$A$2="达成情况",IF(ED$4>=$C10,"实际销售数量未更新",IF($C10>ED$4,SUMIFS(销售取值基础数据!$J:$J,销售取值基础数据!$I:$I,$A10,销售取值基础数据!$B:$B,ED$4),"")/_xlfn.IFS(ED$4<$C10,($L10-SUMIFS(销售取值基础数据!$J:$J,销售取值基础数据!$I:$I,$A10,销售取值基础数据!$B:$B,"<="&EC$4))*110%/(180-EC$4),ED$4>=$C10,($L10-SUM(辅助表!$P10:ED10))*110%/(180-EC$4))),$A$2="实际销售",IF($C10>ED$4,SUMIFS(销售取值基础数据!$J:$J,销售取值基础数据!$I:$I,$A10,销售取值基础数据!$B:$B,ED$4),""))} -> 0 | EE10: {=_xlfn.IFS($A$2="销售计划（销售后）",_xlfn.IFS(EE$4<$C10,($L10-SUMIFS(销售取值基础数据!$J:$J,销售取值基础数据!$I:$I,$A10,销售取值基础数据!$B:$B,"<="&ED$4))*100%/(180-ED$4),EE$4>=$C10,($L10-SUM(辅助表!$P10:EE10))*100%/(180-ED$4)),$A$2="销售计划（销售前）",$L10*80%/180,$A$2="达成情况",IF(EE$4>=$C10,"实际销售数量未更新",IF($C10>EE$4,SUMIFS(销售取值基础数据!$J:$J,销售取值基础数据!$I:$I,$A10,销售取值基础数据!$B:$B,EE$4),"")/(_xlfn.IFS(EE$4<$C10,($L10-SUMIFS(销售取值基础数据!$J:$J,销售取值基础数据!$I:$I,$A10,销售取值基础数据!$B:$B,"<="&ED$4))*100%/(180-ED$4),EE$4>=$C10,($L10-SUM(辅助表!$P10:EE10))*100%/(180-ED$4)))),$A$2="实际销售",IF($C10>EE$4,SUMIFS(销售取值基础数据!$J:$J,销售取值基础数据!$I:$I,$A10,销售取值基础数据!$B:$B,EE$4),""))} -> 0 | EF10: {=_xlfn.IFS($A$2="销售计划（销售后）",_xlfn.IFS(EF$4<$C10,($L10-SUMIFS(销售取值基础数据!$J:$J,销售取值基础数据!$I:$I,$A10,销售取值基础数据!$B:$B,"<="&EE$4))*100%/(180-EE$4),EF$4>=$C10,($L10-SUM(辅助表!$P10:EF10))*100%/(180-EE$4)),$A$2="销售计划（销售前）",$L10*80%/180,$A$2="达成情况",IF(EF$4>=$C10,"实际销售数量未更新",IF($C10>EF$4,SUMIFS(销售取值基础数据!$J:$J,销售取值基础数据!$I:$I,$A10,销售取值基础数据!$B:$B,EF$4),"")/(_xlfn.IFS(EF$4<$C10,($L10-SUMIFS(销售取值基础数据!$J:$J,销售取值基础数据!$I:$I,$A10,销售取值基础数据!$B:$B,"<="&EE$4))*100%/(180-EE$4),EF$4>=$C10,($L10-SUM(辅助表!$P10:EF10))*100%/(180-EE$4)))),$A$2="实际销售",IF($C10>EF$4,SUMIFS(销售取值基础数据!$J:$J,销售取值基础数据!$I:$I,$A10,销售取值基础数据!$B:$B,EF$4),""))} -> 0 | EG10: {=_xlfn.IFS($A$2="销售计划（销售后）",_xlfn.IFS(EG$4<$C10,($L10-SUMIFS(销售取值基础数据!$J:$J,销售取值基础数据!$I:$I,$A10,销售取值基础数据!$B:$B,"<="&EF$4))*100%/(180-EF$4),EG$4>=$C10,($L10-SUM(辅助表!$P10:EG10))*100%/(180-EF$4)),$A$2="销售计划（销售前）",$L10*80%/180,$A$2="达成情况",IF(EG$4>=$C10,"实际销售数量未更新",IF($C10>EG$4,SUMIFS(销售取值基础数据!$J:$J,销售取值基础数据!$I:$I,$A10,销售取值基础数据!$B:$B,EG$4),"")/(_xlfn.IFS(EG$4<$C10,($L10-SUMIFS(销售取值基础数据!$J:$J,销售取值基础数据!$I:$I,$A10,销售取值基础数据!$B:$B,"<="&EF$4))*100%/(180-EF$4),EG$4>=$C10,($L10-SUM(辅助表!$P10:EG10))*100%/(180-EF$4)))),$A$2="实际销售",IF($C10>EG$4,SUMIFS(销售取值基础数据!$J:$J,销售取值基础数据!$I:$I,$A10,销售取值基础数据!$B:$B,EG$4),""))} -> 0 | EH10: {=_xlfn.IFS($A$2="销售计划（销售后）",_xlfn.IFS(EH$4<$C10,($L10-SUMIFS(销售取值基础数据!$J:$J,销售取值基础数据!$I:$I,$A10,销售取值基础数据!$B:$B,"<="&EG$4))*100%/(180-EG$4),EH$4>=$C10,($L10-SUM(辅助表!$P10:EH10))*100%/(180-EG$4)),$A$2="销售计划（销售前）",$L10*80%/180,$A$2="达成情况",IF(EH$4>=$C10,"实际销售数量未更新",IF($C10>EH$4,SUMIFS(销售取值基础数据!$J:$J,销售取值基础数据!$I:$I,$A10,销售取值基础数据!$B:$B,EH$4),"")/(_xlfn.IFS(EH$4<$C10,($L10-SUMIFS(销售取值基础数据!$J:$J,销售取值基础数据!$I:$I,$A10,销售取值基础数据!$B:$B,"<="&EG$4))*100%/(180-EG$4),EH$4>=$C10,($L10-SUM(辅助表!$P10:EH10))*100%/(180-EG$4)))),$A$2="实际销售",IF($C10>EH$4,SUMIFS(销售取值基础数据!$J:$J,销售取值基础数据!$I:$I,$A10,销售取值基础数据!$B:$B,EH$4),""))} -> 0 | EI10: {=_xlfn.IFS($A$2="销售计划（销售后）",_xlfn.IFS(EI$4<$C10,($L10-SUMIFS(销售取值基础数据!$J:$J,销售取值基础数据!$I:$I,$A10,销售取值基础数据!$B:$B,"<="&EH$4))*100%/(180-EH$4),EI$4>=$C10,($L10-SUM(辅助表!$P10:EI10))*100%/(180-EH$4)),$A$2="销售计划（销售前）",$L10*80%/180,$A$2="达成情况",IF(EI$4>=$C10,"实际销售数量未更新",IF($C10>EI$4,SUMIFS(销售取值基础数据!$J:$J,销售取值基础数据!$I:$I,$A10,销售取值基础数据!$B:$B,EI$4),"")/(_xlfn.IFS(EI$4<$C10,($L10-SUMIFS(销售取值基础数据!$J:$J,销售取值基础数据!$I:$I,$A10,销售取值基础数据!$B:$B,"<="&EH$4))*100%/(180-EH$4),EI$4>=$C10,($L10-SUM(辅助表!$P10:EI10))*100%/(180-EH$4)))),$A$2="实际销售",IF($C10>EI$4,SUMIFS(销售取值基础数据!$J:$J,销售取值基础数据!$I:$I,$A10,销售取值基础数据!$B:$B,EI$4),""))} -> 0 | EJ10: {=_xlfn.IFS($A$2="销售计划（销售后）",_xlfn.IFS(EJ$4<$C10,($L10-SUMIFS(销售取值基础数据!$J:$J,销售取值基础数据!$I:$I,$A10,销售取值基础数据!$B:$B,"<="&EI$4))*100%/(180-EI$4),EJ$4>=$C10,($L10-SUM(辅助表!$P10:EJ10))*100%/(180-EI$4)),$A$2="销售计划（销售前）",$L10*80%/180,$A$2="达成情况",IF(EJ$4>=$C10,"实际销售数量未更新",IF($C10>EJ$4,SUMIFS(销售取值基础数据!$J:$J,销售取值基础数据!$I:$I,$A10,销售取值基础数据!$B:$B,EJ$4),"")/(_xlfn.IFS(EJ$4<$C10,($L10-SUMIFS(销售取值基础数据!$J:$J,销售取值基础数据!$I:$I,$A10,销售取值基础数据!$B:$B,"<="&EI$4))*100%/(180-EI$4),EJ$4>=$C10,($L10-SUM(辅助表!$P10:EJ10))*100%/(180-EI$4)))),$A$2="实际销售",IF($C10>EJ$4,SUMIFS(销售取值基础数据!$J:$J,销售取值基础数据!$I:$I,$A10,销售取值基础数据!$B:$B,EJ$4),""))} -> 0 | EK10: {=_xlfn.IFS($A$2="销售计划（销售后）",_xlfn.IFS(EK$4<$C10,($L10-SUMIFS(销售取值基础数据!$J:$J,销售取值基础数据!$I:$I,$A10,销售取值基础数据!$B:$B,"<="&EJ$4))*100%/(180-EJ$4),EK$4>=$C10,($L10-SUM(辅助表!$P10:EK10))*100%/(180-EJ$4)),$A$2="销售计划（销售前）",$L10*80%/180,$A$2="达成情况",IF(EK$4>=$C10,"实际销售数量未更新",IF($C10>EK$4,SUMIFS(销售取值基础数据!$J:$J,销售取值基础数据!$I:$I,$A10,销售取值基础数据!$B:$B,EK$4),"")/(_xlfn.IFS(EK$4<$C10,($L10-SUMIFS(销售取值基础数据!$J:$J,销售取值基础数据!$I:$I,$A10,销售取值基础数据!$B:$B,"<="&EJ$4))*100%/(180-EJ$4),EK$4>=$C10,($L10-SUM(辅助表!$P10:EK10))*100%/(180-EJ$4)))),$A$2="实际销售",IF($C10>EK$4,SUMIFS(销售取值基础数据!$J:$J,销售取值基础数据!$I:$I,$A10,销售取值基础数据!$B:$B,EK$4),""))} -> 0 | EL10: {=_xlfn.IFS($A$2="销售计划（销售后）",_xlfn.IFS(EL$4<$C10,($L10-SUMIFS(销售取值基础数据!$J:$J,销售取值基础数据!$I:$I,$A10,销售取值基础数据!$B:$B,"<="&EK$4))*100%/(180-EK$4),EL$4>=$C10,($L10-SUM(辅助表!$P10:EL10))*100%/(180-EK$4)),$A$2="销售计划（销售前）",$L10*80%/180,$A$2="达成情况",IF(EL$4>=$C10,"实际销售数量未更新",IF($C10>EL$4,SUMIFS(销售取值基础数据!$J:$J,销售取值基础数据!$I:$I,$A10,销售取值基础数据!$B:$B,EL$4),"")/(_xlfn.IFS(EL$4<$C10,($L10-SUMIFS(销售取值基础数据!$J:$J,销售取值基础数据!$I:$I,$A10,销售取值基础数据!$B:$B,"<="&EK$4))*100%/(180-EK$4),EL$4>=$C10,($L10-SUM(辅助表!$P10:EL10))*100%/(180-EK$4)))),$A$2="实际销售",IF($C10>EL$4,SUMIFS(销售取值基础数据!$J:$J,销售取值基础数据!$I:$I,$A10,销售取值基础数据!$B:$B,EL$4),""))} -> 0 | ... GL10: {=_xlfn.IFS($A$2="销售计划（销售后）",_xlfn.IFS(GL$4<$C10,($L10-SUMIFS(销售取值基础数据!$J:$J,销售取值基础数据!$I:$I,$A10,销售取值基础数据!$B:$B,"<="&GK$4))*100%/(180-GK$4),GL$4>=$C10,($L10-SUM(辅助表!$P10:GL10))*100%/(180-GK$4)),$A$2="销售计划（销售前）",$L10*80%/180,$A$2="达成情况",IF(GL$4>=$C10,"实际销售数量未更新",IF($C10>GL$4,SUMIFS(销售取值基础数据!$J:$J,销售取值基础数据!$I:$I,$A10,销售取值基础数据!$B:$B,GL$4),"")/(_xlfn.IFS(GL$4<$C10,($L10-SUMIFS(销售取值基础数据!$J:$J,销售取值基础数据!$I:$I,$A10,销售取值基础数据!$B:$B,"<="&GK$4))*100%/(180-GK$4),GL$4>=$C10,($L10-SUM(辅助表!$P10:GL10))*100%/(180-GK$4)))),$A$2="实际销售",IF($C10>GL$4,SUMIFS(销售取值基础数据!$J:$J,销售取值基础数据!$I:$I,$A10,销售取值基础数据!$B:$B,GL$4),""))} -> 0
